degree_id,degree_code,degree_name,level,stream,state_relevance,source,source_url,verification_note
INDDEG0001,BA,Bachelor of Arts,UG,Arts & Humanities,All India,UGC specified-degree framework / MP university programme directories,https://www.ugc.gov.in/regulations/UGC_Regulations_university,Degree/programme title is a prototype catalogue entry; actual availability varies by institution and academic year.
INDDEG0002,BA English,Bachelor of Arts (English),UG,Arts & Humanities,All India,UGC specified-degree framework / MP university programme directories,https://www.ugc.gov.in/regulations/UGC_Regulations_university,Degree/programme title is a prototype catalogue entry; actual availability varies by institution and academic year.
INDDEG0003,BA Hindi,Bachelor of Arts (Hindi),UG,Arts & Humanities,All India,UGC specified-degree framework / MP university programme directories,https://www.ugc.gov.in/regulations/UGC_Regulations_university,Degree/programme title is a prototype catalogue entry; actual availability varies by institution and academic year.
INDDEG0004,BA History,Bachelor of Arts (History),UG,Arts & Humanities,All India,UGC specified-degree framework / MP university programme directories,https://www.ugc.gov.in/regulations/UGC_Regulations_university,Degree/programme title is a prototype catalogue entry; actual availability varies by institution and academic year.
INDDEG0005,BA Political Science,Bachelor of Arts (Political Science),UG,Arts & Humanities,All India,UGC specified-degree framework / MP university programme directories,https://www.ugc.gov.in/regulations/UGC_Regulations_university,Degree/programme title is a prototype catalogue entry; actual availability varies by institution and academic year.
INDDEG0006,BA Economics,Bachelor of Arts (Economics),UG,Social Sciences,All India,UGC specified-degree framework / MP university programme directories,https://www.ugc.gov.in/regulations/UGC_Regulations_university,Degree/programme title is a prototype catalogue entry; actual availability varies by institution and academic year.
INDDEG0007,BA Sociology,Bachelor of Arts (Sociology),UG,Social Sciences,All India,UGC specified-degree framework / MP university programme directories,https://www.ugc.gov.in/regulations/UGC_Regulations_university,Degree/programme title is a prototype catalogue entry; actual availability varies by institution and academic year.
INDDEG0008,BA Psychology,Bachelor of Arts (Psychology),UG,Social Sciences,All India,UGC specified-degree framework / MP university programme directories,https://www.ugc.gov.in/regulations/UGC_Regulations_university,Degree/programme title is a prototype catalogue entry; actual availability varies by institution and academic year.
INDDEG0009,BA Geography,Bachelor of Arts (Geography),UG,Social Sciences,All India,UGC specified-degree framework / MP university programme directories,https://www.ugc.gov.in/regulations/UGC_Regulations_university,Degree/programme title is a prototype catalogue entry; actual availability varies by institution and academic year.
INDDEG0010,BA Philosophy,Bachelor of Arts (Philosophy),UG,Arts & Humanities,All India,UGC specified-degree framework / MP university programme directories,https://www.ugc.gov.in/regulations/UGC_Regulations_university,Degree/programme title is a prototype catalogue entry; actual availability varies by institution and academic year.
INDDEG0011,BA Sanskrit,Bachelor of Arts (Sanskrit),UG,Arts & Humanities,All India,UGC specified-degree framework / MP university programme directories,https://www.ugc.gov.in/regulations/UGC_Regulations_university,Degree/programme title is a prototype catalogue entry; actual availability varies by institution and academic year.
INDDEG0012,BA Urdu,Bachelor of Arts (Urdu),UG,Arts & Humanities,All India,UGC specified-degree framework / MP university programme directories,https://www.ugc.gov.in/regulations/UGC_Regulations_university,Degree/programme title is a prototype catalogue entry; actual availability varies by institution and academic year.
INDDEG0013,BA Journalism,Bachelor of Arts (Journalism),UG,Media,All India,UGC specified-degree framework / MP university programme directories,https://www.ugc.gov.in/regulations/UGC_Regulations_university,Degree/programme title is a prototype catalogue entry; actual availability varies by institution and academic year.
INDDEG0014,BA Mass Communication,Bachelor of Arts (Mass Communication),UG,Media,All India,UGC specified-degree framework / MP university programme directories,https://www.ugc.gov.in/regulations/UGC_Regulations_university,Degree/programme title is a prototype catalogue entry; actual availability varies by institution and academic year.
INDDEG0015,BA Public Administration,Bachelor of Arts (Public Administration),UG,Social Sciences,All India,UGC specified-degree framework / MP university programme directories,https://www.ugc.gov.in/regulations/UGC_Regulations_university,Degree/programme title is a prototype catalogue entry; actual availability varies by institution and academic year.
INDDEG0016,BA Rural Development,Bachelor of Arts (Rural Development),UG,Social Sciences,All India,UGC specified-degree framework / MP university programme directories,https://www.ugc.gov.in/regulations/UGC_Regulations_university,Degree/programme title is a prototype catalogue entry; actual availability varies by institution and academic year.
INDDEG0017,BA Geography & Environment,Bachelor of Arts (Geography & Environment),UG,Social Sciences,All India,UGC specified-degree framework / MP university programme directories,https://www.ugc.gov.in/regulations/UGC_Regulations_university,Degree/programme title is a prototype catalogue entry; actual availability varies by institution and academic year.
INDDEG0018,BA Fine Arts,Bachelor of Arts (Fine Arts),UG,Fine Arts,All India,UGC specified-degree framework / MP university programme directories,https://www.ugc.gov.in/regulations/UGC_Regulations_university,Degree/programme title is a prototype catalogue entry; actual availability varies by institution and academic year.
INDDEG0019,BA Music,Bachelor of Arts (Music),UG,Fine Arts,All India,UGC specified-degree framework / MP university programme directories,https://www.ugc.gov.in/regulations/UGC_Regulations_university,Degree/programme title is a prototype catalogue entry; actual availability varies by institution and academic year.
INDDEG0020,BA Dance,Bachelor of Arts (Dance),UG,Fine Arts,All India,UGC specified-degree framework / MP university programme directories,https://www.ugc.gov.in/regulations/UGC_Regulations_university,Degree/programme title is a prototype catalogue entry; actual availability varies by institution and academic year.
INDDEG0021,BFA,Bachelor of Fine Arts,UG,Fine Arts,All India,UGC specified-degree framework / MP university programme directories,https://www.ugc.gov.in/regulations/UGC_Regulations_university,Degree/programme title is a prototype catalogue entry; actual availability varies by institution and academic year.
INDDEG0022,BPA,Bachelor of Performing Arts,UG,Performing Arts,All India,UGC specified-degree framework / MP university programme directories,https://www.ugc.gov.in/regulations/UGC_Regulations_university,Degree/programme title is a prototype catalogue entry; actual availability varies by institution and academic year.
INDDEG0023,B.Com,Bachelor of Commerce,UG,Commerce,All India,UGC specified-degree framework / MP university programme directories,https://www.ugc.gov.in/regulations/UGC_Regulations_university,Degree/programme title is a prototype catalogue entry; actual availability varies by institution and academic year.
INDDEG0024,B.Com Accounting,Bachelor of Commerce (Accounting),UG,Commerce,All India,UGC specified-degree framework / MP university programme directories,https://www.ugc.gov.in/regulations/UGC_Regulations_university,Degree/programme title is a prototype catalogue entry; actual availability varies by institution and academic year.
INDDEG0025,B.Com Computer Applications,Bachelor of Commerce (Computer Applications),UG,Commerce,All India,UGC specified-degree framework / MP university programme directories,https://www.ugc.gov.in/regulations/UGC_Regulations_university,Degree/programme title is a prototype catalogue entry; actual availability varies by institution and academic year.
INDDEG0026,B.Com Banking & Insurance,Bachelor of Commerce (Banking & Insurance),UG,Commerce,All India,UGC specified-degree framework / MP university programme directories,https://www.ugc.gov.in/regulations/UGC_Regulations_university,Degree/programme title is a prototype catalogue entry; actual availability varies by institution and academic year.
INDDEG0027,B.Com Taxation,Bachelor of Commerce (Taxation),UG,Commerce,All India,UGC specified-degree framework / MP university programme directories,https://www.ugc.gov.in/regulations/UGC_Regulations_university,Degree/programme title is a prototype catalogue entry; actual availability varies by institution and academic year.
INDDEG0028,B.Com Corporate Secretaryship,Bachelor of Commerce (Corporate Secretaryship),UG,Commerce,All India,UGC specified-degree framework / MP university programme directories,https://www.ugc.gov.in/regulations/UGC_Regulations_university,Degree/programme title is a prototype catalogue entry; actual availability varies by institution and academic year.
INDDEG0029,BBA,Bachelor of Business Administration,UG,Management,All India,UGC specified-degree framework / MP university programme directories,https://www.ugc.gov.in/regulations/UGC_Regulations_university,Degree/programme title is a prototype catalogue entry; actual availability varies by institution and academic year.
INDDEG0030,BBA Finance,Bachelor of Business Administration (Finance),UG,Management,All India,UGC specified-degree framework / MP university programme directories,https://www.ugc.gov.in/regulations/UGC_Regulations_university,Degree/programme title is a prototype catalogue entry; actual availability varies by institution and academic year.
INDDEG0031,BBA Marketing,Bachelor of Business Administration (Marketing),UG,Management,All India,UGC specified-degree framework / MP university programme directories,https://www.ugc.gov.in/regulations/UGC_Regulations_university,Degree/programme title is a prototype catalogue entry; actual availability varies by institution and academic year.
INDDEG0032,BBA HR,Bachelor of Business Administration (Human Resources),UG,Management,All India,UGC specified-degree framework / MP university programme directories,https://www.ugc.gov.in/regulations/UGC_Regulations_university,Degree/programme title is a prototype catalogue entry; actual availability varies by institution and academic year.
INDDEG0033,BBA International Business,Bachelor of Business Administration (International Business),UG,Management,All India,UGC specified-degree framework / MP university programme directories,https://www.ugc.gov.in/regulations/UGC_Regulations_university,Degree/programme title is a prototype catalogue entry; actual availability varies by institution and academic year.
INDDEG0034,BBA Entrepreneurship,Bachelor of Business Administration (Entrepreneurship),UG,Management,All India,UGC specified-degree framework / MP university programme directories,https://www.ugc.gov.in/regulations/UGC_Regulations_university,Degree/programme title is a prototype catalogue entry; actual availability varies by institution and academic year.
INDDEG0035,BCA,Bachelor of Computer Applications,UG,Computer Applications,All India,UGC specified-degree framework / MP university programme directories,https://www.ugc.gov.in/regulations/UGC_Regulations_university,Degree/programme title is a prototype catalogue entry; actual availability varies by institution and academic year.
INDDEG0036,BCA Data Science,Bachelor of Computer Applications (Data Science),UG,Computer Applications,All India,UGC specified-degree framework / MP university programme directories,https://www.ugc.gov.in/regulations/UGC_Regulations_university,Degree/programme title is a prototype catalogue entry; actual availability varies by institution and academic year.
INDDEG0037,BCA AI,Bachelor of Computer Applications (Artificial Intelligence),UG,Computer Applications,All India,UGC specified-degree framework / MP university programme directories,https://www.ugc.gov.in/regulations/UGC_Regulations_university,Degree/programme title is a prototype catalogue entry; actual availability varies by institution and academic year.
INDDEG0038,BCA Cyber Security,Bachelor of Computer Applications (Cyber Security),UG,Computer Applications,All India,UGC specified-degree framework / MP university programme directories,https://www.ugc.gov.in/regulations/UGC_Regulations_university,Degree/programme title is a prototype catalogue entry; actual availability varies by institution and academic year.
INDDEG0039,B.Sc,Bachelor of Science,UG,Science,All India,UGC specified-degree framework / MP university programme directories,https://www.ugc.gov.in/regulations/UGC_Regulations_university,Degree/programme title is a prototype catalogue entry; actual availability varies by institution and academic year.
INDDEG0040,B.Sc Physics,Bachelor of Science (Physics),UG,Science,All India,UGC specified-degree framework / MP university programme directories,https://www.ugc.gov.in/regulations/UGC_Regulations_university,Degree/programme title is a prototype catalogue entry; actual availability varies by institution and academic year.
INDDEG0041,B.Sc Chemistry,Bachelor of Science (Chemistry),UG,Science,All India,UGC specified-degree framework / MP university programme directories,https://www.ugc.gov.in/regulations/UGC_Regulations_university,Degree/programme title is a prototype catalogue entry; actual availability varies by institution and academic year.
INDDEG0042,B.Sc Mathematics,Bachelor of Science (Mathematics),UG,Science,All India,UGC specified-degree framework / MP university programme directories,https://www.ugc.gov.in/regulations/UGC_Regulations_university,Degree/programme title is a prototype catalogue entry; actual availability varies by institution and academic year.
INDDEG0043,B.Sc Botany,Bachelor of Science (Botany),UG,Science,All India,UGC specified-degree framework / MP university programme directories,https://www.ugc.gov.in/regulations/UGC_Regulations_university,Degree/programme title is a prototype catalogue entry; actual availability varies by institution and academic year.
INDDEG0044,B.Sc Zoology,Bachelor of Science (Zoology),UG,Science,All India,UGC specified-degree framework / MP university programme directories,https://www.ugc.gov.in/regulations/UGC_Regulations_university,Degree/programme title is a prototype catalogue entry; actual availability varies by institution and academic year.
INDDEG0045,B.Sc Biology,Bachelor of Science (Biology),UG,Science,All India,UGC specified-degree framework / MP university programme directories,https://www.ugc.gov.in/regulations/UGC_Regulations_university,Degree/programme title is a prototype catalogue entry; actual availability varies by institution and academic year.
INDDEG0046,B.Sc Biotechnology,Bachelor of Science (Biotechnology),UG,Life Sciences,All India,UGC specified-degree framework / MP university programme directories,https://www.ugc.gov.in/regulations/UGC_Regulations_university,Degree/programme title is a prototype catalogue entry; actual availability varies by institution and academic year.
INDDEG0047,B.Sc Microbiology,Bachelor of Science (Microbiology),UG,Life Sciences,All India,UGC specified-degree framework / MP university programme directories,https://www.ugc.gov.in/regulations/UGC_Regulations_university,Degree/programme title is a prototype catalogue entry; actual availability varies by institution and academic year.
INDDEG0048,B.Sc Biochemistry,Bachelor of Science (Biochemistry),UG,Life Sciences,All India,UGC specified-degree framework / MP university programme directories,https://www.ugc.gov.in/regulations/UGC_Regulations_university,Degree/programme title is a prototype catalogue entry; actual availability varies by institution and academic year.
INDDEG0049,B.Sc Computer Science,Bachelor of Science (Computer Science),UG,Computer Science,All India,UGC specified-degree framework / MP university programme directories,https://www.ugc.gov.in/regulations/UGC_Regulations_university,Degree/programme title is a prototype catalogue entry; actual availability varies by institution and academic year.
INDDEG0050,B.Sc IT,Bachelor of Science (Information Technology),UG,Computer Science,All India,UGC specified-degree framework / MP university programme directories,https://www.ugc.gov.in/regulations/UGC_Regulations_university,Degree/programme title is a prototype catalogue entry; actual availability varies by institution and academic year.
INDDEG0051,B.Sc Data Science,Bachelor of Science (Data Science),UG,Data Science,All India,UGC specified-degree framework / MP university programme directories,https://www.ugc.gov.in/regulations/UGC_Regulations_university,Degree/programme title is a prototype catalogue entry; actual availability varies by institution and academic year.
INDDEG0052,B.Sc Statistics,Bachelor of Science (Statistics),UG,Science,All India,UGC specified-degree framework / MP university programme directories,https://www.ugc.gov.in/regulations/UGC_Regulations_university,Degree/programme title is a prototype catalogue entry; actual availability varies by institution and academic year.
INDDEG0053,B.Sc Geology,Bachelor of Science (Geology),UG,Earth Sciences,All India,UGC specified-degree framework / MP university programme directories,https://www.ugc.gov.in/regulations/UGC_Regulations_university,Degree/programme title is a prototype catalogue entry; actual availability varies by institution and academic year.
INDDEG0054,B.Sc Geography,Bachelor of Science (Geography),UG,Earth Sciences,All India,UGC specified-degree framework / MP university programme directories,https://www.ugc.gov.in/regulations/UGC_Regulations_university,Degree/programme title is a prototype catalogue entry; actual availability varies by institution and academic year.
INDDEG0055,B.Sc Environmental Science,Bachelor of Science (Environmental Science),UG,Environmental Science,All India,UGC specified-degree framework / MP university programme directories,https://www.ugc.gov.in/regulations/UGC_Regulations_university,Degree/programme title is a prototype catalogue entry; actual availability varies by institution and academic year.
INDDEG0056,B.Sc Agriculture,Bachelor of Science (Agriculture),UG,Agriculture,All India,UGC specified-degree framework / MP university programme directories,https://www.ugc.gov.in/regulations/UGC_Regulations_university,Degree/programme title is a prototype catalogue entry; actual availability varies by institution and academic year.
INDDEG0057,B.Sc Horticulture,Bachelor of Science (Horticulture),UG,Agriculture,All India,UGC specified-degree framework / MP university programme directories,https://www.ugc.gov.in/regulations/UGC_Regulations_university,Degree/programme title is a prototype catalogue entry; actual availability varies by institution and academic year.
INDDEG0058,B.Sc Forestry,Bachelor of Science (Forestry),UG,Agriculture,All India,UGC specified-degree framework / MP university programme directories,https://www.ugc.gov.in/regulations/UGC_Regulations_university,Degree/programme title is a prototype catalogue entry; actual availability varies by institution and academic year.
INDDEG0059,B.Sc Food Technology,Bachelor of Science (Food Technology),UG,Food Technology,All India,UGC specified-degree framework / MP university programme directories,https://www.ugc.gov.in/regulations/UGC_Regulations_university,Degree/programme title is a prototype catalogue entry; actual availability varies by institution and academic year.
INDDEG0060,B.Sc Nutrition,Bachelor of Science (Nutrition & Dietetics),UG,Allied Health,All India,UGC specified-degree framework / MP university programme directories,https://www.ugc.gov.in/regulations/UGC_Regulations_university,Degree/programme title is a prototype catalogue entry; actual availability varies by institution and academic year.
INDDEG0061,B.Sc Home Science,Bachelor of Science (Home Science),UG,Home Science,All India,UGC specified-degree framework / MP university programme directories,https://www.ugc.gov.in/regulations/UGC_Regulations_university,Degree/programme title is a prototype catalogue entry; actual availability varies by institution and academic year.
INDDEG0062,B.Sc Fashion Design,Bachelor of Science (Fashion Design),UG,Design,All India,UGC specified-degree framework / MP university programme directories,https://www.ugc.gov.in/regulations/UGC_Regulations_university,Degree/programme title is a prototype catalogue entry; actual availability varies by institution and academic year.
INDDEG0063,B.Tech CSE,Bachelor of Technology (Computer Science & Engineering),UG,Engineering,All India,UGC specified-degree framework / MP university programme directories,https://www.ugc.gov.in/regulations/UGC_Regulations_university,Degree/programme title is a prototype catalogue entry; actual availability varies by institution and academic year.
INDDEG0064,B.Tech AI,Bachelor of Technology (Artificial Intelligence),UG,Engineering,All India,UGC specified-degree framework / MP university programme directories,https://www.ugc.gov.in/regulations/UGC_Regulations_university,Degree/programme title is a prototype catalogue entry; actual availability varies by institution and academic year.
INDDEG0065,B.Tech AI & DS,Bachelor of Technology (AI & Data Science),UG,Engineering,All India,UGC specified-degree framework / MP university programme directories,https://www.ugc.gov.in/regulations/UGC_Regulations_university,Degree/programme title is a prototype catalogue entry; actual availability varies by institution and academic year.
INDDEG0066,B.Tech IT,Bachelor of Technology (Information Technology),UG,Engineering,All India,UGC specified-degree framework / MP university programme directories,https://www.ugc.gov.in/regulations/UGC_Regulations_university,Degree/programme title is a prototype catalogue entry; actual availability varies by institution and academic year.
INDDEG0067,B.Tech ECE,Bachelor of Technology (Electronics & Communication Engineering),UG,Engineering,All India,UGC specified-degree framework / MP university programme directories,https://www.ugc.gov.in/regulations/UGC_Regulations_university,Degree/programme title is a prototype catalogue entry; actual availability varies by institution and academic year.
INDDEG0068,B.Tech EE,Bachelor of Technology (Electrical Engineering),UG,Engineering,All India,UGC specified-degree framework / MP university programme directories,https://www.ugc.gov.in/regulations/UGC_Regulations_university,Degree/programme title is a prototype catalogue entry; actual availability varies by institution and academic year.
INDDEG0069,B.Tech ME,Bachelor of Technology (Mechanical Engineering),UG,Engineering,All India,UGC specified-degree framework / MP university programme directories,https://www.ugc.gov.in/regulations/UGC_Regulations_university,Degree/programme title is a prototype catalogue entry; actual availability varies by institution and academic year.
INDDEG0070,B.Tech CE,Bachelor of Technology (Civil Engineering),UG,Engineering,All India,UGC specified-degree framework / MP university programme directories,https://www.ugc.gov.in/regulations/UGC_Regulations_university,Degree/programme title is a prototype catalogue entry; actual availability varies by institution and academic year.
INDDEG0071,B.Tech Chemical,Bachelor of Technology (Chemical Engineering),UG,Engineering,All India,UGC specified-degree framework / MP university programme directories,https://www.ugc.gov.in/regulations/UGC_Regulations_university,Degree/programme title is a prototype catalogue entry; actual availability varies by institution and academic year.
INDDEG0072,B.Tech Biotechnology,Bachelor of Technology (Biotechnology),UG,Engineering,All India,UGC specified-degree framework / MP university programme directories,https://www.ugc.gov.in/regulations/UGC_Regulations_university,Degree/programme title is a prototype catalogue entry; actual availability varies by institution and academic year.
INDDEG0073,B.Tech Food Technology,Bachelor of Technology (Food Technology),UG,Engineering,All India,UGC specified-degree framework / MP university programme directories,https://www.ugc.gov.in/regulations/UGC_Regulations_university,Degree/programme title is a prototype catalogue entry; actual availability varies by institution and academic year.
INDDEG0074,B.Tech Mining,Bachelor of Technology (Mining Engineering),UG,Engineering,All India,UGC specified-degree framework / MP university programme directories,https://www.ugc.gov.in/regulations/UGC_Regulations_university,Degree/programme title is a prototype catalogue entry; actual availability varies by institution and academic year.
INDDEG0075,B.Tech Agriculture,Bachelor of Technology (Agricultural Engineering),UG,Engineering,All India,UGC specified-degree framework / MP university programme directories,https://www.ugc.gov.in/regulations/UGC_Regulations_university,Degree/programme title is a prototype catalogue entry; actual availability varies by institution and academic year.
INDDEG0076,B.Tech Textile,Bachelor of Technology (Textile Technology),UG,Engineering,All India,UGC specified-degree framework / MP university programme directories,https://www.ugc.gov.in/regulations/UGC_Regulations_university,Degree/programme title is a prototype catalogue entry; actual availability varies by institution and academic year.
INDDEG0077,BE CSE,Bachelor of Engineering (Computer Science & Engineering),UG,Engineering,All India,UGC specified-degree framework / MP university programme directories,https://www.ugc.gov.in/regulations/UGC_Regulations_university,Degree/programme title is a prototype catalogue entry; actual availability varies by institution and academic year.
INDDEG0078,BE ECE,Bachelor of Engineering (Electronics & Communication Engineering),UG,Engineering,All India,UGC specified-degree framework / MP university programme directories,https://www.ugc.gov.in/regulations/UGC_Regulations_university,Degree/programme title is a prototype catalogue entry; actual availability varies by institution and academic year.
INDDEG0079,BE Mechanical,Bachelor of Engineering (Mechanical Engineering),UG,Engineering,All India,UGC specified-degree framework / MP university programme directories,https://www.ugc.gov.in/regulations/UGC_Regulations_university,Degree/programme title is a prototype catalogue entry; actual availability varies by institution and academic year.
INDDEG0080,BE Civil,Bachelor of Engineering (Civil Engineering),UG,Engineering,All India,UGC specified-degree framework / MP university programme directories,https://www.ugc.gov.in/regulations/UGC_Regulations_university,Degree/programme title is a prototype catalogue entry; actual availability varies by institution and academic year.
INDDEG0081,B.Arch,Bachelor of Architecture,UG,Architecture,All India,UGC specified-degree framework / MP university programme directories,https://www.ugc.gov.in/regulations/UGC_Regulations_university,Degree/programme title is a prototype catalogue entry; actual availability varies by institution and academic year.
INDDEG0082,B.Des,Bachelor of Design,UG,Design,All India,UGC specified-degree framework / MP university programme directories,https://www.ugc.gov.in/regulations/UGC_Regulations_university,Degree/programme title is a prototype catalogue entry; actual availability varies by institution and academic year.
INDDEG0083,B.Des Fashion,Bachelor of Design (Fashion Design),UG,Design,All India,UGC specified-degree framework / MP university programme directories,https://www.ugc.gov.in/regulations/UGC_Regulations_university,Degree/programme title is a prototype catalogue entry; actual availability varies by institution and academic year.
INDDEG0084,B.Des Product,Bachelor of Design (Product Design),UG,Design,All India,UGC specified-degree framework / MP university programme directories,https://www.ugc.gov.in/regulations/UGC_Regulations_university,Degree/programme title is a prototype catalogue entry; actual availability varies by institution and academic year.
INDDEG0085,B.Des Communication,Bachelor of Design (Communication Design),UG,Design,All India,UGC specified-degree framework / MP university programme directories,https://www.ugc.gov.in/regulations/UGC_Regulations_university,Degree/programme title is a prototype catalogue entry; actual availability varies by institution and academic year.
INDDEG0086,B.Plan,Bachelor of Planning,UG,Planning,All India,UGC specified-degree framework / MP university programme directories,https://www.ugc.gov.in/regulations/UGC_Regulations_university,Degree/programme title is a prototype catalogue entry; actual availability varies by institution and academic year.
INDDEG0087,B.Pharm,Bachelor of Pharmacy,UG,Pharmacy,All India,UGC specified-degree framework / MP university programme directories,https://www.ugc.gov.in/regulations/UGC_Regulations_university,Degree/programme title is a prototype catalogue entry; actual availability varies by institution and academic year.
INDDEG0088,B.Pharm Ayurveda,Bachelor of Pharmacy (Ayurveda),UG,Pharmacy,All India,UGC specified-degree framework / MP university programme directories,https://www.ugc.gov.in/regulations/UGC_Regulations_university,Degree/programme title is a prototype catalogue entry; actual availability varies by institution and academic year.
INDDEG0089,Pharm.D,Doctor of Pharmacy,UG/Professional,Pharmacy,All India,UGC specified-degree framework / MP university programme directories,https://www.ugc.gov.in/regulations/UGC_Regulations_university,Degree/programme title is a prototype catalogue entry; actual availability varies by institution and academic year.
INDDEG0090,BPT,Bachelor of Physiotherapy,UG,Allied Health,All India,UGC specified-degree framework / MP university programme directories,https://www.ugc.gov.in/regulations/UGC_Regulations_university,Degree/programme title is a prototype catalogue entry; actual availability varies by institution and academic year.
INDDEG0091,BOT,Bachelor of Occupational Therapy,UG,Allied Health,All India,UGC specified-degree framework / MP university programme directories,https://www.ugc.gov.in/regulations/UGC_Regulations_university,Degree/programme title is a prototype catalogue entry; actual availability varies by institution and academic year.
INDDEG0092,BMLT,Bachelor of Medical Laboratory Technology,UG,Allied Health,All India,UGC specified-degree framework / MP university programme directories,https://www.ugc.gov.in/regulations/UGC_Regulations_university,Degree/programme title is a prototype catalogue entry; actual availability varies by institution and academic year.
INDDEG0093,B.Sc Nursing,Bachelor of Science (Nursing),UG,Nursing,All India,UGC specified-degree framework / MP university programme directories,https://www.ugc.gov.in/regulations/UGC_Regulations_university,Degree/programme title is a prototype catalogue entry; actual availability varies by institution and academic year.
INDDEG0094,B.Sc Post Basic Nursing,Bachelor of Science (Post Basic Nursing),UG,Nursing,All India,UGC specified-degree framework / MP university programme directories,https://www.ugc.gov.in/regulations/UGC_Regulations_university,Degree/programme title is a prototype catalogue entry; actual availability varies by institution and academic year.
INDDEG0095,GNM,General Nursing & Midwifery,Diploma,Nursing,All India,UGC specified-degree framework / MP university programme directories,https://www.ugc.gov.in/regulations/UGC_Regulations_university,Degree/programme title is a prototype catalogue entry; actual availability varies by institution and academic year.
INDDEG0096,BDS,Bachelor of Dental Surgery,UG/Professional,Dental,All India,UGC specified-degree framework / MP university programme directories,https://www.ugc.gov.in/regulations/UGC_Regulations_university,Degree/programme title is a prototype catalogue entry; actual availability varies by institution and academic year.
INDDEG0097,MBBS,Bachelor of Medicine and Bachelor of Surgery,UG/Professional,Medicine,All India,UGC specified-degree framework / MP university programme directories,https://www.ugc.gov.in/regulations/UGC_Regulations_university,Degree/programme title is a prototype catalogue entry; actual availability varies by institution and academic year.
INDDEG0098,BAMS,Bachelor of Ayurvedic Medicine and Surgery,UG/Professional,AYUSH,All India,UGC specified-degree framework / MP university programme directories,https://www.ugc.gov.in/regulations/UGC_Regulations_university,Degree/programme title is a prototype catalogue entry; actual availability varies by institution and academic year.
INDDEG0099,BHMS,Bachelor of Homoeopathic Medicine and Surgery,UG/Professional,AYUSH,All India,UGC specified-degree framework / MP university programme directories,https://www.ugc.gov.in/regulations/UGC_Regulations_university,Degree/programme title is a prototype catalogue entry; actual availability varies by institution and academic year.
INDDEG0100,BUMS,Bachelor of Unani Medicine and Surgery,UG/Professional,AYUSH,All India,UGC specified-degree framework / MP university programme directories,https://www.ugc.gov.in/regulations/UGC_Regulations_university,Degree/programme title is a prototype catalogue entry; actual availability varies by institution and academic year.
INDDEG0101,BNYS,Bachelor of Naturopathy and Yogic Sciences,UG/Professional,AYUSH,All India,UGC specified-degree framework / MP university programme directories,https://www.ugc.gov.in/regulations/UGC_Regulations_university,Degree/programme title is a prototype catalogue entry; actual availability varies by institution and academic year.
INDDEG0102,BSMS,Bachelor of Siddha Medicine and Surgery,UG/Professional,AYUSH,All India,UGC specified-degree framework / MP university programme directories,https://www.ugc.gov.in/regulations/UGC_Regulations_university,Degree/programme title is a prototype catalogue entry; actual availability varies by institution and academic year.
INDDEG0103,LLB,Bachelor of Laws,UG/Professional,Law,All India,UGC specified-degree framework / MP university programme directories,https://www.ugc.gov.in/regulations/UGC_Regulations_university,Degree/programme title is a prototype catalogue entry; actual availability varies by institution and academic year.
INDDEG0104,BA LLB,Bachelor of Arts + Bachelor of Laws,UG/Professional,Law,All India,UGC specified-degree framework / MP university programme directories,https://www.ugc.gov.in/regulations/UGC_Regulations_university,Degree/programme title is a prototype catalogue entry; actual availability varies by institution and academic year.
INDDEG0105,BBA LLB,Bachelor of Business Administration + Bachelor of Laws,UG/Professional,Law,All India,UGC specified-degree framework / MP university programme directories,https://www.ugc.gov.in/regulations/UGC_Regulations_university,Degree/programme title is a prototype catalogue entry; actual availability varies by institution and academic year.
INDDEG0106,B.Com LLB,Bachelor of Commerce + Bachelor of Laws,UG/Professional,Law,All India,UGC specified-degree framework / MP university programme directories,https://www.ugc.gov.in/regulations/UGC_Regulations_university,Degree/programme title is a prototype catalogue entry; actual availability varies by institution and academic year.
INDDEG0107,B.Ed,Bachelor of Education,UG/Professional,Education,All India,UGC specified-degree framework / MP university programme directories,https://www.ugc.gov.in/regulations/UGC_Regulations_university,Degree/programme title is a prototype catalogue entry; actual availability varies by institution and academic year.
INDDEG0108,B.El.Ed,Bachelor of Elementary Education,UG,Education,All India,UGC specified-degree framework / MP university programme directories,https://www.ugc.gov.in/regulations/UGC_Regulations_university,Degree/programme title is a prototype catalogue entry; actual availability varies by institution and academic year.
INDDEG0109,B.P.Ed,Bachelor of Physical Education,UG/Professional,Physical Education,All India,UGC specified-degree framework / MP university programme directories,https://www.ugc.gov.in/regulations/UGC_Regulations_university,Degree/programme title is a prototype catalogue entry; actual availability varies by institution and academic year.
INDDEG0110,B.Lib.I.Sc,Bachelor of Library & Information Science,UG,Library Science,All India,UGC specified-degree framework / MP university programme directories,https://www.ugc.gov.in/regulations/UGC_Regulations_university,Degree/programme title is a prototype catalogue entry; actual availability varies by institution and academic year.
INDDEG0111,BSW,Bachelor of Social Work,UG,Social Work,All India,UGC specified-degree framework / MP university programme directories,https://www.ugc.gov.in/regulations/UGC_Regulations_university,Degree/programme title is a prototype catalogue entry; actual availability varies by institution and academic year.
INDDEG0112,B.Voc,Bachelor of Vocation,UG,Vocational,All India,UGC specified-degree framework / MP university programme directories,https://www.ugc.gov.in/regulations/UGC_Regulations_university,Degree/programme title is a prototype catalogue entry; actual availability varies by institution and academic year.
INDDEG0113,BVSc & AH,Bachelor of Veterinary Science & Animal Husbandry,UG/Professional,Veterinary,All India,UGC specified-degree framework / MP university programme directories,https://www.ugc.gov.in/regulations/UGC_Regulations_university,Degree/programme title is a prototype catalogue entry; actual availability varies by institution and academic year.
INDDEG0114,M.A. English,Master of Arts (English),PG,Arts & Humanities,All India,UGC specified-degree framework / MP university programme directories,https://www.ugc.gov.in/regulations/UGC_Regulations_university,Degree/programme title is a prototype catalogue entry; actual availability varies by institution and academic year.
INDDEG0115,M.A. Hindi,Master of Arts (Hindi),PG,Arts & Humanities,All India,UGC specified-degree framework / MP university programme directories,https://www.ugc.gov.in/regulations/UGC_Regulations_university,Degree/programme title is a prototype catalogue entry; actual availability varies by institution and academic year.
INDDEG0116,M.A. History,Master of Arts (History),PG,Arts & Humanities,All India,UGC specified-degree framework / MP university programme directories,https://www.ugc.gov.in/regulations/UGC_Regulations_university,Degree/programme title is a prototype catalogue entry; actual availability varies by institution and academic year.
INDDEG0117,M.A. Political Science,Master of Arts (Political Science),PG,Social Sciences,All India,UGC specified-degree framework / MP university programme directories,https://www.ugc.gov.in/regulations/UGC_Regulations_university,Degree/programme title is a prototype catalogue entry; actual availability varies by institution and academic year.
INDDEG0118,M.A. Economics,Master of Arts (Economics),PG,Social Sciences,All India,UGC specified-degree framework / MP university programme directories,https://www.ugc.gov.in/regulations/UGC_Regulations_university,Degree/programme title is a prototype catalogue entry; actual availability varies by institution and academic year.
INDDEG0119,M.A. Sociology,Master of Arts (Sociology),PG,Social Sciences,All India,UGC specified-degree framework / MP university programme directories,https://www.ugc.gov.in/regulations/UGC_Regulations_university,Degree/programme title is a prototype catalogue entry; actual availability varies by institution and academic year.
INDDEG0120,M.A. Psychology,Master of Arts (Psychology),PG,Social Sciences,All India,UGC specified-degree framework / MP university programme directories,https://www.ugc.gov.in/regulations/UGC_Regulations_university,Degree/programme title is a prototype catalogue entry; actual availability varies by institution and academic year.
INDDEG0121,M.A. Geography,Master of Arts (Geography),PG,Social Sciences,All India,UGC specified-degree framework / MP university programme directories,https://www.ugc.gov.in/regulations/UGC_Regulations_university,Degree/programme title is a prototype catalogue entry; actual availability varies by institution and academic year.
INDDEG0122,M.A. Philosophy,Master of Arts (Philosophy),PG,Arts & Humanities,All India,UGC specified-degree framework / MP university programme directories,https://www.ugc.gov.in/regulations/UGC_Regulations_university,Degree/programme title is a prototype catalogue entry; actual availability varies by institution and academic year.
INDDEG0123,M.A. Sanskrit,Master of Arts (Sanskrit),PG,Arts & Humanities,All India,UGC specified-degree framework / MP university programme directories,https://www.ugc.gov.in/regulations/UGC_Regulations_university,Degree/programme title is a prototype catalogue entry; actual availability varies by institution and academic year.
INDDEG0124,M.A. Journalism,Master of Arts (Journalism),PG,Media,All India,UGC specified-degree framework / MP university programme directories,https://www.ugc.gov.in/regulations/UGC_Regulations_university,Degree/programme title is a prototype catalogue entry; actual availability varies by institution and academic year.
INDDEG0125,M.A. Mass Communication,Master of Arts (Mass Communication),PG,Media,All India,UGC specified-degree framework / MP university programme directories,https://www.ugc.gov.in/regulations/UGC_Regulations_university,Degree/programme title is a prototype catalogue entry; actual availability varies by institution and academic year.
INDDEG0126,M.A. Public Administration,Master of Arts (Public Administration),PG,Social Sciences,All India,UGC specified-degree framework / MP university programme directories,https://www.ugc.gov.in/regulations/UGC_Regulations_university,Degree/programme title is a prototype catalogue entry; actual availability varies by institution and academic year.
INDDEG0127,M.Com,Master of Commerce,PG,Commerce,All India,UGC specified-degree framework / MP university programme directories,https://www.ugc.gov.in/regulations/UGC_Regulations_university,Degree/programme title is a prototype catalogue entry; actual availability varies by institution and academic year.
INDDEG0128,M.Com Accounting,Master of Commerce (Accounting),PG,Commerce,All India,UGC specified-degree framework / MP university programme directories,https://www.ugc.gov.in/regulations/UGC_Regulations_university,Degree/programme title is a prototype catalogue entry; actual availability varies by institution and academic year.
INDDEG0129,M.Com Finance,Master of Commerce (Finance),PG,Commerce,All India,UGC specified-degree framework / MP university programme directories,https://www.ugc.gov.in/regulations/UGC_Regulations_university,Degree/programme title is a prototype catalogue entry; actual availability varies by institution and academic year.
INDDEG0130,M.Com Management,Master of Commerce (Management),PG,Commerce,All India,UGC specified-degree framework / MP university programme directories,https://www.ugc.gov.in/regulations/UGC_Regulations_university,Degree/programme title is a prototype catalogue entry; actual availability varies by institution and academic year.
INDDEG0131,MBA,Master of Business Administration,PG,Management,All India,UGC specified-degree framework / MP university programme directories,https://www.ugc.gov.in/regulations/UGC_Regulations_university,Degree/programme title is a prototype catalogue entry; actual availability varies by institution and academic year.
INDDEG0132,MBA Finance,Master of Business Administration (Finance),PG,Management,All India,UGC specified-degree framework / MP university programme directories,https://www.ugc.gov.in/regulations/UGC_Regulations_university,Degree/programme title is a prototype catalogue entry; actual availability varies by institution and academic year.
INDDEG0133,MBA Marketing,Master of Business Administration (Marketing),PG,Management,All India,UGC specified-degree framework / MP university programme directories,https://www.ugc.gov.in/regulations/UGC_Regulations_university,Degree/programme title is a prototype catalogue entry; actual availability varies by institution and academic year.
INDDEG0134,MBA HR,Master of Business Administration (Human Resources),PG,Management,All India,UGC specified-degree framework / MP university programme directories,https://www.ugc.gov.in/regulations/UGC_Regulations_university,Degree/programme title is a prototype catalogue entry; actual availability varies by institution and academic year.
INDDEG0135,MBA International Business,Master of Business Administration (International Business),PG,Management,All India,UGC specified-degree framework / MP university programme directories,https://www.ugc.gov.in/regulations/UGC_Regulations_university,Degree/programme title is a prototype catalogue entry; actual availability varies by institution and academic year.
INDDEG0136,MBA IT,Master of Business Administration (IT),PG,Management,All India,UGC specified-degree framework / MP university programme directories,https://www.ugc.gov.in/regulations/UGC_Regulations_university,Degree/programme title is a prototype catalogue entry; actual availability varies by institution and academic year.
INDDEG0137,MBA Healthcare,Master of Business Administration (Healthcare),PG,Management,All India,UGC specified-degree framework / MP university programme directories,https://www.ugc.gov.in/regulations/UGC_Regulations_university,Degree/programme title is a prototype catalogue entry; actual availability varies by institution and academic year.
INDDEG0138,MCA,Master of Computer Applications,PG,Computer Applications,All India,UGC specified-degree framework / MP university programme directories,https://www.ugc.gov.in/regulations/UGC_Regulations_university,Degree/programme title is a prototype catalogue entry; actual availability varies by institution and academic year.
INDDEG0139,MCA AI,Master of Computer Applications (Artificial Intelligence),PG,Computer Applications,All India,UGC specified-degree framework / MP university programme directories,https://www.ugc.gov.in/regulations/UGC_Regulations_university,Degree/programme title is a prototype catalogue entry; actual availability varies by institution and academic year.
INDDEG0140,MCA Data Science,Master of Computer Applications (Data Science),PG,Computer Applications,All India,UGC specified-degree framework / MP university programme directories,https://www.ugc.gov.in/regulations/UGC_Regulations_university,Degree/programme title is a prototype catalogue entry; actual availability varies by institution and academic year.
INDDEG0141,MCA Cyber Security,Master of Computer Applications (Cyber Security),PG,Computer Applications,All India,UGC specified-degree framework / MP university programme directories,https://www.ugc.gov.in/regulations/UGC_Regulations_university,Degree/programme title is a prototype catalogue entry; actual availability varies by institution and academic year.
INDDEG0142,M.Sc Physics,Master of Science (Physics),PG,Science,All India,UGC specified-degree framework / MP university programme directories,https://www.ugc.gov.in/regulations/UGC_Regulations_university,Degree/programme title is a prototype catalogue entry; actual availability varies by institution and academic year.
INDDEG0143,M.Sc Chemistry,Master of Science (Chemistry),PG,Science,All India,UGC specified-degree framework / MP university programme directories,https://www.ugc.gov.in/regulations/UGC_Regulations_university,Degree/programme title is a prototype catalogue entry; actual availability varies by institution and academic year.
INDDEG0144,M.Sc Mathematics,Master of Science (Mathematics),PG,Science,All India,UGC specified-degree framework / MP university programme directories,https://www.ugc.gov.in/regulations/UGC_Regulations_university,Degree/programme title is a prototype catalogue entry; actual availability varies by institution and academic year.
INDDEG0145,M.Sc Botany,Master of Science (Botany),PG,Science,All India,UGC specified-degree framework / MP university programme directories,https://www.ugc.gov.in/regulations/UGC_Regulations_university,Degree/programme title is a prototype catalogue entry; actual availability varies by institution and academic year.
INDDEG0146,M.Sc Zoology,Master of Science (Zoology),PG,Science,All India,UGC specified-degree framework / MP university programme directories,https://www.ugc.gov.in/regulations/UGC_Regulations_university,Degree/programme title is a prototype catalogue entry; actual availability varies by institution and academic year.
INDDEG0147,M.Sc Biotechnology,Master of Science (Biotechnology),PG,Life Sciences,All India,UGC specified-degree framework / MP university programme directories,https://www.ugc.gov.in/regulations/UGC_Regulations_university,Degree/programme title is a prototype catalogue entry; actual availability varies by institution and academic year.
INDDEG0148,M.Sc Microbiology,Master of Science (Microbiology),PG,Life Sciences,All India,UGC specified-degree framework / MP university programme directories,https://www.ugc.gov.in/regulations/UGC_Regulations_university,Degree/programme title is a prototype catalogue entry; actual availability varies by institution and academic year.
INDDEG0149,M.Sc Computer Science,Master of Science (Computer Science),PG,Computer Science,All India,UGC specified-degree framework / MP university programme directories,https://www.ugc.gov.in/regulations/UGC_Regulations_university,Degree/programme title is a prototype catalogue entry; actual availability varies by institution and academic year.
INDDEG0150,M.Sc IT,Master of Science (Information Technology),PG,Computer Science,All India,UGC specified-degree framework / MP university programme directories,https://www.ugc.gov.in/regulations/UGC_Regulations_university,Degree/programme title is a prototype catalogue entry; actual availability varies by institution and academic year.
INDDEG0151,M.Sc Data Science,Master of Science (Data Science),PG,Data Science,All India,UGC specified-degree framework / MP university programme directories,https://www.ugc.gov.in/regulations/UGC_Regulations_university,Degree/programme title is a prototype catalogue entry; actual availability varies by institution and academic year.
INDDEG0152,M.Sc Statistics,Master of Science (Statistics),PG,Science,All India,UGC specified-degree framework / MP university programme directories,https://www.ugc.gov.in/regulations/UGC_Regulations_university,Degree/programme title is a prototype catalogue entry; actual availability varies by institution and academic year.
INDDEG0153,M.Sc Geology,Master of Science (Geology),PG,Earth Sciences,All India,UGC specified-degree framework / MP university programme directories,https://www.ugc.gov.in/regulations/UGC_Regulations_university,Degree/programme title is a prototype catalogue entry; actual availability varies by institution and academic year.
INDDEG0154,M.Sc Environmental Science,Master of Science (Environmental Science),PG,Environmental Science,All India,UGC specified-degree framework / MP university programme directories,https://www.ugc.gov.in/regulations/UGC_Regulations_university,Degree/programme title is a prototype catalogue entry; actual availability varies by institution and academic year.
INDDEG0155,M.Sc Agriculture,Master of Science (Agriculture),PG,Agriculture,All India,UGC specified-degree framework / MP university programme directories,https://www.ugc.gov.in/regulations/UGC_Regulations_university,Degree/programme title is a prototype catalogue entry; actual availability varies by institution and academic year.
INDDEG0156,M.Sc Horticulture,Master of Science (Horticulture),PG,Agriculture,All India,UGC specified-degree framework / MP university programme directories,https://www.ugc.gov.in/regulations/UGC_Regulations_university,Degree/programme title is a prototype catalogue entry; actual availability varies by institution and academic year.
INDDEG0157,M.Tech CSE,Master of Technology (Computer Science & Engineering),PG,Engineering,All India,UGC specified-degree framework / MP university programme directories,https://www.ugc.gov.in/regulations/UGC_Regulations_university,Degree/programme title is a prototype catalogue entry; actual availability varies by institution and academic year.
INDDEG0158,M.Tech AI,Master of Technology (Artificial Intelligence),PG,Engineering,All India,UGC specified-degree framework / MP university programme directories,https://www.ugc.gov.in/regulations/UGC_Regulations_university,Degree/programme title is a prototype catalogue entry; actual availability varies by institution and academic year.
INDDEG0159,M.Tech Data Science,Master of Technology (Data Science),PG,Engineering,All India,UGC specified-degree framework / MP university programme directories,https://www.ugc.gov.in/regulations/UGC_Regulations_university,Degree/programme title is a prototype catalogue entry; actual availability varies by institution and academic year.
INDDEG0160,M.Tech VLSI,Master of Technology (VLSI Design),PG,Engineering,All India,UGC specified-degree framework / MP university programme directories,https://www.ugc.gov.in/regulations/UGC_Regulations_university,Degree/programme title is a prototype catalogue entry; actual availability varies by institution and academic year.
INDDEG0161,M.Tech ECE,Master of Technology (Electronics & Communication Engineering),PG,Engineering,All India,UGC specified-degree framework / MP university programme directories,https://www.ugc.gov.in/regulations/UGC_Regulations_university,Degree/programme title is a prototype catalogue entry; actual availability varies by institution and academic year.
INDDEG0162,M.Tech Power Systems,Master of Technology (Power Systems),PG,Engineering,All India,UGC specified-degree framework / MP university programme directories,https://www.ugc.gov.in/regulations/UGC_Regulations_university,Degree/programme title is a prototype catalogue entry; actual availability varies by institution and academic year.
INDDEG0163,M.Tech Thermal,Master of Technology (Thermal Engineering),PG,Engineering,All India,UGC specified-degree framework / MP university programme directories,https://www.ugc.gov.in/regulations/UGC_Regulations_university,Degree/programme title is a prototype catalogue entry; actual availability varies by institution and academic year.
INDDEG0164,M.Tech Structural,Master of Technology (Structural Engineering),PG,Engineering,All India,UGC specified-degree framework / MP university programme directories,https://www.ugc.gov.in/regulations/UGC_Regulations_university,Degree/programme title is a prototype catalogue entry; actual availability varies by institution and academic year.
INDDEG0165,M.Tech Civil,Master of Technology (Civil Engineering),PG,Engineering,All India,UGC specified-degree framework / MP university programme directories,https://www.ugc.gov.in/regulations/UGC_Regulations_university,Degree/programme title is a prototype catalogue entry; actual availability varies by institution and academic year.
INDDEG0166,M.Tech Environmental,Master of Technology (Environmental Engineering),PG,Engineering,All India,UGC specified-degree framework / MP university programme directories,https://www.ugc.gov.in/regulations/UGC_Regulations_university,Degree/programme title is a prototype catalogue entry; actual availability varies by institution and academic year.
INDDEG0167,M.Arch,Master of Architecture,PG,Architecture,All India,UGC specified-degree framework / MP university programme directories,https://www.ugc.gov.in/regulations/UGC_Regulations_university,Degree/programme title is a prototype catalogue entry; actual availability varies by institution and academic year.
INDDEG0168,M.Des,Master of Design,PG,Design,All India,UGC specified-degree framework / MP university programme directories,https://www.ugc.gov.in/regulations/UGC_Regulations_university,Degree/programme title is a prototype catalogue entry; actual availability varies by institution and academic year.
INDDEG0169,M.Pharm,Master of Pharmacy,PG,Pharmacy,All India,UGC specified-degree framework / MP university programme directories,https://www.ugc.gov.in/regulations/UGC_Regulations_university,Degree/programme title is a prototype catalogue entry; actual availability varies by institution and academic year.
INDDEG0170,MPT,Master of Physiotherapy,PG,Allied Health,All India,UGC specified-degree framework / MP university programme directories,https://www.ugc.gov.in/regulations/UGC_Regulations_university,Degree/programme title is a prototype catalogue entry; actual availability varies by institution and academic year.
INDDEG0171,M.Sc Nursing,Master of Science (Nursing),PG,Nursing,All India,UGC specified-degree framework / MP university programme directories,https://www.ugc.gov.in/regulations/UGC_Regulations_university,Degree/programme title is a prototype catalogue entry; actual availability varies by institution and academic year.
INDDEG0172,M.Ed,Master of Education,PG,Education,All India,UGC specified-degree framework / MP university programme directories,https://www.ugc.gov.in/regulations/UGC_Regulations_university,Degree/programme title is a prototype catalogue entry; actual availability varies by institution and academic year.
INDDEG0173,M.P.Ed,Master of Physical Education,PG,Physical Education,All India,UGC specified-degree framework / MP university programme directories,https://www.ugc.gov.in/regulations/UGC_Regulations_university,Degree/programme title is a prototype catalogue entry; actual availability varies by institution and academic year.
INDDEG0174,LLM,Master of Laws,PG/Professional,Law,All India,UGC specified-degree framework / MP university programme directories,https://www.ugc.gov.in/regulations/UGC_Regulations_university,Degree/programme title is a prototype catalogue entry; actual availability varies by institution and academic year.
INDDEG0175,MSW,Master of Social Work,PG,Social Work,All India,UGC specified-degree framework / MP university programme directories,https://www.ugc.gov.in/regulations/UGC_Regulations_university,Degree/programme title is a prototype catalogue entry; actual availability varies by institution and academic year.
INDDEG0176,M.Lib.I.Sc,Master of Library & Information Science,PG,Library Science,All India,UGC specified-degree framework / MP university programme directories,https://www.ugc.gov.in/regulations/UGC_Regulations_university,Degree/programme title is a prototype catalogue entry; actual availability varies by institution and academic year.
INDDEG0177,M.Voc,Master of Vocation,PG,Vocational,All India,UGC specified-degree framework / MP university programme directories,https://www.ugc.gov.in/regulations/UGC_Regulations_university,Degree/programme title is a prototype catalogue entry; actual availability varies by institution and academic year.
INDDEG0178,MD General Medicine,Doctor of Medicine (General Medicine),PG/Medical,Medicine,All India,UGC specified-degree framework / MP university programme directories,https://www.ugc.gov.in/regulations/UGC_Regulations_university,Degree/programme title is a prototype catalogue entry; actual availability varies by institution and academic year.
INDDEG0179,MD Paediatrics,Doctor of Medicine (Paediatrics),PG/Medical,Medicine,All India,UGC specified-degree framework / MP university programme directories,https://www.ugc.gov.in/regulations/UGC_Regulations_university,Degree/programme title is a prototype catalogue entry; actual availability varies by institution and academic year.
INDDEG0180,MD Dermatology,Doctor of Medicine (Dermatology),PG/Medical,Medicine,All India,UGC specified-degree framework / MP university programme directories,https://www.ugc.gov.in/regulations/UGC_Regulations_university,Degree/programme title is a prototype catalogue entry; actual availability varies by institution and academic year.
INDDEG0181,MD Psychiatry,Doctor of Medicine (Psychiatry),PG/Medical,Medicine,All India,UGC specified-degree framework / MP university programme directories,https://www.ugc.gov.in/regulations/UGC_Regulations_university,Degree/programme title is a prototype catalogue entry; actual availability varies by institution and academic year.
INDDEG0182,MS General Surgery,Master of Surgery (General Surgery),PG/Medical,Medicine,All India,UGC specified-degree framework / MP university programme directories,https://www.ugc.gov.in/regulations/UGC_Regulations_university,Degree/programme title is a prototype catalogue entry; actual availability varies by institution and academic year.
INDDEG0183,MS Orthopaedics,Master of Surgery (Orthopaedics),PG/Medical,Medicine,All India,UGC specified-degree framework / MP university programme directories,https://www.ugc.gov.in/regulations/UGC_Regulations_university,Degree/programme title is a prototype catalogue entry; actual availability varies by institution and academic year.
INDDEG0184,MS Ophthalmology,Master of Surgery (Ophthalmology),PG/Medical,Medicine,All India,UGC specified-degree framework / MP university programme directories,https://www.ugc.gov.in/regulations/UGC_Regulations_university,Degree/programme title is a prototype catalogue entry; actual availability varies by institution and academic year.
INDDEG0185,MS ENT,Master of Surgery (ENT),PG/Medical,Medicine,All India,UGC specified-degree framework / MP university programme directories,https://www.ugc.gov.in/regulations/UGC_Regulations_university,Degree/programme title is a prototype catalogue entry; actual availability varies by institution and academic year.
INDDEG0186,MDS Prosthodontics,Master of Dental Surgery (Prosthodontics),PG/Medical,Dental,All India,UGC specified-degree framework / MP university programme directories,https://www.ugc.gov.in/regulations/UGC_Regulations_university,Degree/programme title is a prototype catalogue entry; actual availability varies by institution and academic year.
INDDEG0187,MDS Orthodontics,Master of Dental Surgery (Orthodontics),PG/Medical,Dental,All India,UGC specified-degree framework / MP university programme directories,https://www.ugc.gov.in/regulations/UGC_Regulations_university,Degree/programme title is a prototype catalogue entry; actual availability varies by institution and academic year.
INDDEG0188,Ph.D. Arts,Doctor of Philosophy (Arts & Humanities),Doctoral,Research,All India,UGC specified-degree framework / MP university programme directories,https://www.ugc.gov.in/regulations/UGC_Regulations_university,Degree/programme title is a prototype catalogue entry; actual availability varies by institution and academic year.
INDDEG0189,Ph.D. Commerce,Doctor of Philosophy (Commerce),Doctoral,Research,All India,UGC specified-degree framework / MP university programme directories,https://www.ugc.gov.in/regulations/UGC_Regulations_university,Degree/programme title is a prototype catalogue entry; actual availability varies by institution and academic year.
INDDEG0190,Ph.D. Management,Doctor of Philosophy (Management),Doctoral,Research,All India,UGC specified-degree framework / MP university programme directories,https://www.ugc.gov.in/regulations/UGC_Regulations_university,Degree/programme title is a prototype catalogue entry; actual availability varies by institution and academic year.
INDDEG0191,Ph.D. Computer Science,Doctor of Philosophy (Computer Science),Doctoral,Research,All India,UGC specified-degree framework / MP university programme directories,https://www.ugc.gov.in/regulations/UGC_Regulations_university,Degree/programme title is a prototype catalogue entry; actual availability varies by institution and academic year.
INDDEG0192,Ph.D. Engineering,Doctor of Philosophy (Engineering),Doctoral,Research,All India,UGC specified-degree framework / MP university programme directories,https://www.ugc.gov.in/regulations/UGC_Regulations_university,Degree/programme title is a prototype catalogue entry; actual availability varies by institution and academic year.
INDDEG0193,Ph.D. Science,Doctor of Philosophy (Science),Doctoral,Research,All India,UGC specified-degree framework / MP university programme directories,https://www.ugc.gov.in/regulations/UGC_Regulations_university,Degree/programme title is a prototype catalogue entry; actual availability varies by institution and academic year.
INDDEG0194,Ph.D. Law,Doctor of Philosophy (Law),Doctoral,Research,All India,UGC specified-degree framework / MP university programme directories,https://www.ugc.gov.in/regulations/UGC_Regulations_university,Degree/programme title is a prototype catalogue entry; actual availability varies by institution and academic year.
INDDEG0195,Ph.D. Education,Doctor of Philosophy (Education),Doctoral,Research,All India,UGC specified-degree framework / MP university programme directories,https://www.ugc.gov.in/regulations/UGC_Regulations_university,Degree/programme title is a prototype catalogue entry; actual availability varies by institution and academic year.
INDDEG0196,Ph.D. Agriculture,Doctor of Philosophy (Agriculture),Doctoral,Research,All India,UGC specified-degree framework / MP university programme directories,https://www.ugc.gov.in/regulations/UGC_Regulations_university,Degree/programme title is a prototype catalogue entry; actual availability varies by institution and academic year.
INDDEG0197,Ph.D. Medicine,Doctor of Philosophy (Medicine),Doctoral,Research,All India,UGC specified-degree framework / MP university programme directories,https://www.ugc.gov.in/regulations/UGC_Regulations_university,Degree/programme title is a prototype catalogue entry; actual availability varies by institution and academic year.
INDDEG0198,B.Sc Electronics,Bachelor of Science (Electronics),UG,Science,All India,UGC specified-degree framework / MP university programme directories,https://www.ugc.gov.in/regulations/UGC_Regulations_university,Degree/programme title is a prototype catalogue entry; actual availability varies by institution and academic year.
INDDEG0199,B.Sc Electronics & Communication,Bachelor of Science (Electronics & Communication),UG,Science,All India,UGC specified-degree framework / MP university programme directories,https://www.ugc.gov.in/regulations/UGC_Regulations_university,Degree/programme title is a prototype catalogue entry; actual availability varies by institution and academic year.
INDDEG0200,B.Sc Industrial Chemistry,Bachelor of Science (Industrial Chemistry),UG,Science,All India,UGC specified-degree framework / MP university programme directories,https://www.ugc.gov.in/regulations/UGC_Regulations_university,Degree/programme title is a prototype catalogue entry; actual availability varies by institution and academic year.
INDDEG0201,"B.Sc Physics, Chemistry & Mathematics",Bachelor of Science (PCM),UG,Science,All India,UGC specified-degree framework / MP university programme directories,https://www.ugc.gov.in/regulations/UGC_Regulations_university,Degree/programme title is a prototype catalogue entry; actual availability varies by institution and academic year.
INDDEG0202,"B.Sc Physics, Chemistry & Biology",Bachelor of Science (PCB),UG,Science,All India,UGC specified-degree framework / MP university programme directories,https://www.ugc.gov.in/regulations/UGC_Regulations_university,Degree/programme title is a prototype catalogue entry; actual availability varies by institution and academic year.
INDDEG0203,"B.Sc Mathematics, Computer Science & Statistics",Bachelor of Science (MCS),UG,Science,All India,UGC specified-degree framework / MP university programme directories,https://www.ugc.gov.in/regulations/UGC_Regulations_university,Degree/programme title is a prototype catalogue entry; actual availability varies by institution and academic year.
INDDEG0204,B.Tech Robotics,Bachelor of Technology (Robotics & Automation),UG,Engineering,All India,UGC specified-degree framework / MP university programme directories,https://www.ugc.gov.in/regulations/UGC_Regulations_university,Degree/programme title is a prototype catalogue entry; actual availability varies by institution and academic year.
INDDEG0205,B.Tech IoT,Bachelor of Technology (Internet of Things),UG,Engineering,All India,UGC specified-degree framework / MP university programme directories,https://www.ugc.gov.in/regulations/UGC_Regulations_university,Degree/programme title is a prototype catalogue entry; actual availability varies by institution and academic year.
INDDEG0206,B.Tech Cyber Security,Bachelor of Technology (Cyber Security),UG,Engineering,All India,UGC specified-degree framework / MP university programme directories,https://www.ugc.gov.in/regulations/UGC_Regulations_university,Degree/programme title is a prototype catalogue entry; actual availability varies by institution and academic year.
INDDEG0207,B.Tech Cloud Computing,Bachelor of Technology (Cloud Computing),UG,Engineering,All India,UGC specified-degree framework / MP university programme directories,https://www.ugc.gov.in/regulations/UGC_Regulations_university,Degree/programme title is a prototype catalogue entry; actual availability varies by institution and academic year.
INDDEG0208,B.Tech Renewable Energy,Bachelor of Technology (Renewable Energy),UG,Engineering,All India,UGC specified-degree framework / MP university programme directories,https://www.ugc.gov.in/regulations/UGC_Regulations_university,Degree/programme title is a prototype catalogue entry; actual availability varies by institution and academic year.
INDDEG0209,B.Tech Automobile,Bachelor of Technology (Automobile Engineering),UG,Engineering,All India,UGC specified-degree framework / MP university programme directories,https://www.ugc.gov.in/regulations/UGC_Regulations_university,Degree/programme title is a prototype catalogue entry; actual availability varies by institution and academic year.
INDDEG0210,M.Tech Robotics,Master of Technology (Robotics & Automation),PG,Engineering,All India,UGC specified-degree framework / MP university programme directories,https://www.ugc.gov.in/regulations/UGC_Regulations_university,Degree/programme title is a prototype catalogue entry; actual availability varies by institution and academic year.
INDDEG0211,M.Tech IoT,Master of Technology (Internet of Things),PG,Engineering,All India,UGC specified-degree framework / MP university programme directories,https://www.ugc.gov.in/regulations/UGC_Regulations_university,Degree/programme title is a prototype catalogue entry; actual availability varies by institution and academic year.
INDDEG0212,M.Tech Cyber Security,Master of Technology (Cyber Security),PG,Engineering,All India,UGC specified-degree framework / MP university programme directories,https://www.ugc.gov.in/regulations/UGC_Regulations_university,Degree/programme title is a prototype catalogue entry; actual availability varies by institution and academic year.
INDDEG0213,M.Tech Renewable Energy,Master of Technology (Renewable Energy),PG,Engineering,All India,UGC specified-degree framework / MP university programme directories,https://www.ugc.gov.in/regulations/UGC_Regulations_university,Degree/programme title is a prototype catalogue entry; actual availability varies by institution and academic year.
INDDEG0214,M.Tech Automobile,Master of Technology (Automobile Engineering),PG,Engineering,All India,UGC specified-degree framework / MP university programme directories,https://www.ugc.gov.in/regulations/UGC_Regulations_university,Degree/programme title is a prototype catalogue entry; actual availability varies by institution and academic year.
INDDEG0215,B.Sc Yoga,Bachelor of Science (Yoga),UG,Yoga,All India,UGC specified-degree framework / MP university programme directories,https://www.ugc.gov.in/regulations/UGC_Regulations_university,Degree/programme title is a prototype catalogue entry; actual availability varies by institution and academic year.
INDDEG0216,B.Sc Sports,Bachelor of Science (Sports),UG,Physical Education,All India,UGC specified-degree framework / MP university programme directories,https://www.ugc.gov.in/regulations/UGC_Regulations_university,Degree/programme title is a prototype catalogue entry; actual availability varies by institution and academic year.
INDDEG0217,M.Sc Yoga,Master of Science (Yoga),PG,Yoga,All India,UGC specified-degree framework / MP university programme directories,https://www.ugc.gov.in/regulations/UGC_Regulations_university,Degree/programme title is a prototype catalogue entry; actual availability varies by institution and academic year.
INDDEG0218,M.Sc Sports,Master of Science (Sports),PG,Physical Education,All India,UGC specified-degree framework / MP university programme directories,https://www.ugc.gov.in/regulations/UGC_Regulations_university,Degree/programme title is a prototype catalogue entry; actual availability varies by institution and academic year.
INDDEG0219,B.Des Interior,Bachelor of Design (Interior Design),UG,Design,All India,UGC specified-degree framework / MP university programme directories,https://www.ugc.gov.in/regulations/UGC_Regulations_university,Degree/programme title is a prototype catalogue entry; actual availability varies by institution and academic year.
INDDEG0220,B.Des Animation,Bachelor of Design (Animation),UG,Design,All India,UGC specified-degree framework / MP university programme directories,https://www.ugc.gov.in/regulations/UGC_Regulations_university,Degree/programme title is a prototype catalogue entry; actual availability varies by institution and academic year.
INDDEG0221,B.Sc Animation,Bachelor of Science (Animation),UG,Design,All India,UGC specified-degree framework / MP university programme directories,https://www.ugc.gov.in/regulations/UGC_Regulations_university,Degree/programme title is a prototype catalogue entry; actual availability varies by institution and academic year.
INDDEG0222,M.Des Interior,Master of Design (Interior Design),PG,Design,All India,UGC specified-degree framework / MP university programme directories,https://www.ugc.gov.in/regulations/UGC_Regulations_university,Degree/programme title is a prototype catalogue entry; actual availability varies by institution and academic year.
INDDEG0223,M.Des Animation,Master of Design (Animation),PG,Design,All India,UGC specified-degree framework / MP university programme directories,https://www.ugc.gov.in/regulations/UGC_Regulations_university,Degree/programme title is a prototype catalogue entry; actual availability varies by institution and academic year.
INDDEG0224,B.A. Indian Languages,Bachelor of Arts (Indian Languages),UG,Languages,All India,UGC/AISHE national higher-education framework; programme nomenclature varies by regulator/institution,https://www.ugc.gov.in/regulations/UGC_Regulations_university,Catalogue entry; availability and exact nomenclature must be verified against the relevant university/regulator.
INDDEG0225,B.A. Linguistics,Bachelor of Arts (Linguistics),UG,Languages,All India,UGC/AISHE national higher-education framework; programme nomenclature varies by regulator/institution,https://www.ugc.gov.in/regulations/UGC_Regulations_university,Catalogue entry; availability and exact nomenclature must be verified against the relevant university/regulator.
INDDEG0226,B.A. Archaeology,Bachelor of Arts (Archaeology),UG,Humanities,All India,UGC/AISHE national higher-education framework; programme nomenclature varies by regulator/institution,https://www.ugc.gov.in/regulations/UGC_Regulations_university,Catalogue entry; availability and exact nomenclature must be verified against the relevant university/regulator.
INDDEG0227,B.A. Anthropology,Bachelor of Arts (Anthropology),UG,Social Sciences,All India,UGC/AISHE national higher-education framework; programme nomenclature varies by regulator/institution,https://www.ugc.gov.in/regulations/UGC_Regulations_university,Catalogue entry; availability and exact nomenclature must be verified against the relevant university/regulator.
INDDEG0228,B.A. International Relations,Bachelor of Arts (International Relations),UG,Social Sciences,All India,UGC/AISHE national higher-education framework; programme nomenclature varies by regulator/institution,https://www.ugc.gov.in/regulations/UGC_Regulations_university,Catalogue entry; availability and exact nomenclature must be verified against the relevant university/regulator.
INDDEG0229,B.A. Development Studies,Bachelor of Arts (Development Studies),UG,Social Sciences,All India,UGC/AISHE national higher-education framework; programme nomenclature varies by regulator/institution,https://www.ugc.gov.in/regulations/UGC_Regulations_university,Catalogue entry; availability and exact nomenclature must be verified against the relevant university/regulator.
INDDEG0230,B.A. Gender Studies,Bachelor of Arts (Gender Studies),UG,Social Sciences,All India,UGC/AISHE national higher-education framework; programme nomenclature varies by regulator/institution,https://www.ugc.gov.in/regulations/UGC_Regulations_university,Catalogue entry; availability and exact nomenclature must be verified against the relevant university/regulator.
INDDEG0231,B.A. Film Studies,Bachelor of Arts (Film Studies),UG,Media,All India,UGC/AISHE national higher-education framework; programme nomenclature varies by regulator/institution,https://www.ugc.gov.in/regulations/UGC_Regulations_university,Catalogue entry; availability and exact nomenclature must be verified against the relevant university/regulator.
INDDEG0232,B.A. Theatre,Bachelor of Arts (Theatre),UG,Performing Arts,All India,UGC/AISHE national higher-education framework; programme nomenclature varies by regulator/institution,https://www.ugc.gov.in/regulations/UGC_Regulations_university,Catalogue entry; availability and exact nomenclature must be verified against the relevant university/regulator.
INDDEG0233,B.A. Visual Communication,Bachelor of Arts (Visual Communication),UG,Media,All India,UGC/AISHE national higher-education framework; programme nomenclature varies by regulator/institution,https://www.ugc.gov.in/regulations/UGC_Regulations_university,Catalogue entry; availability and exact nomenclature must be verified against the relevant university/regulator.
INDDEG0234,B.Com E-Commerce,Bachelor of Commerce (E-Commerce),UG,Commerce,All India,UGC/AISHE national higher-education framework; programme nomenclature varies by regulator/institution,https://www.ugc.gov.in/regulations/UGC_Regulations_university,Catalogue entry; availability and exact nomenclature must be verified against the relevant university/regulator.
INDDEG0235,B.Com Financial Markets,Bachelor of Commerce (Financial Markets),UG,Commerce,All India,UGC/AISHE national higher-education framework; programme nomenclature varies by regulator/institution,https://www.ugc.gov.in/regulations/UGC_Regulations_university,Catalogue entry; availability and exact nomenclature must be verified against the relevant university/regulator.
INDDEG0236,B.Com Investment Management,Bachelor of Commerce (Investment Management),UG,Commerce,All India,UGC/AISHE national higher-education framework; programme nomenclature varies by regulator/institution,https://www.ugc.gov.in/regulations/UGC_Regulations_university,Catalogue entry; availability and exact nomenclature must be verified against the relevant university/regulator.
INDDEG0237,BBA Business Analytics,Bachelor of Business Administration (Business Analytics),UG,Management,All India,UGC/AISHE national higher-education framework; programme nomenclature varies by regulator/institution,https://www.ugc.gov.in/regulations/UGC_Regulations_university,Catalogue entry; availability and exact nomenclature must be verified against the relevant university/regulator.
INDDEG0238,BBA Logistics,Bachelor of Business Administration (Logistics),UG,Management,All India,UGC/AISHE national higher-education framework; programme nomenclature varies by regulator/institution,https://www.ugc.gov.in/regulations/UGC_Regulations_university,Catalogue entry; availability and exact nomenclature must be verified against the relevant university/regulator.
INDDEG0239,BBA Tourism,Bachelor of Business Administration (Tourism),UG,Management,All India,UGC/AISHE national higher-education framework; programme nomenclature varies by regulator/institution,https://www.ugc.gov.in/regulations/UGC_Regulations_university,Catalogue entry; availability and exact nomenclature must be verified against the relevant university/regulator.
INDDEG0240,BBA Aviation,Bachelor of Business Administration (Aviation),UG,Management,All India,UGC/AISHE national higher-education framework; programme nomenclature varies by regulator/institution,https://www.ugc.gov.in/regulations/UGC_Regulations_university,Catalogue entry; availability and exact nomenclature must be verified against the relevant university/regulator.
INDDEG0241,BCA Cloud Computing,Bachelor of Computer Applications (Cloud Computing),UG,Computer Applications,All India,UGC/AISHE national higher-education framework; programme nomenclature varies by regulator/institution,https://www.ugc.gov.in/regulations/UGC_Regulations_university,Catalogue entry; availability and exact nomenclature must be verified against the relevant university/regulator.
INDDEG0242,BCA Blockchain,Bachelor of Computer Applications (Blockchain),UG,Computer Applications,All India,UGC/AISHE national higher-education framework; programme nomenclature varies by regulator/institution,https://www.ugc.gov.in/regulations/UGC_Regulations_university,Catalogue entry; availability and exact nomenclature must be verified against the relevant university/regulator.
INDDEG0243,BCA Full Stack Development,Bachelor of Computer Applications (Full Stack Development),UG,Computer Applications,All India,UGC/AISHE national higher-education framework; programme nomenclature varies by regulator/institution,https://www.ugc.gov.in/regulations/UGC_Regulations_university,Catalogue entry; availability and exact nomenclature must be verified against the relevant university/regulator.
INDDEG0244,B.Sc Artificial Intelligence,Bachelor of Science (Artificial Intelligence),UG,Computer Science,All India,UGC/AISHE national higher-education framework; programme nomenclature varies by regulator/institution,https://www.ugc.gov.in/regulations/UGC_Regulations_university,Catalogue entry; availability and exact nomenclature must be verified against the relevant university/regulator.
INDDEG0245,B.Sc Cyber Security,Bachelor of Science (Cyber Security),UG,Computer Science,All India,UGC/AISHE national higher-education framework; programme nomenclature varies by regulator/institution,https://www.ugc.gov.in/regulations/UGC_Regulations_university,Catalogue entry; availability and exact nomenclature must be verified against the relevant university/regulator.
INDDEG0246,B.Sc Cloud Computing,Bachelor of Science (Cloud Computing),UG,Computer Science,All India,UGC/AISHE national higher-education framework; programme nomenclature varies by regulator/institution,https://www.ugc.gov.in/regulations/UGC_Regulations_university,Catalogue entry; availability and exact nomenclature must be verified against the relevant university/regulator.
INDDEG0247,B.Sc Food Science,Bachelor of Science (Food Science),UG,Food Technology,All India,UGC/AISHE national higher-education framework; programme nomenclature varies by regulator/institution,https://www.ugc.gov.in/regulations/UGC_Regulations_university,Catalogue entry; availability and exact nomenclature must be verified against the relevant university/regulator.
INDDEG0248,B.Sc Dairy Technology,Bachelor of Science (Dairy Technology),UG,Food Technology,All India,UGC/AISHE national higher-education framework; programme nomenclature varies by regulator/institution,https://www.ugc.gov.in/regulations/UGC_Regulations_university,Catalogue entry; availability and exact nomenclature must be verified against the relevant university/regulator.
INDDEG0249,B.Sc Fisheries,Bachelor of Science (Fisheries),UG,Agriculture,All India,UGC/AISHE national higher-education framework; programme nomenclature varies by regulator/institution,https://www.ugc.gov.in/regulations/UGC_Regulations_university,Catalogue entry; availability and exact nomenclature must be verified against the relevant university/regulator.
INDDEG0250,B.Sc Animal Husbandry,Bachelor of Science (Animal Husbandry),UG,Agriculture,All India,UGC/AISHE national higher-education framework; programme nomenclature varies by regulator/institution,https://www.ugc.gov.in/regulations/UGC_Regulations_university,Catalogue entry; availability and exact nomenclature must be verified against the relevant university/regulator.
INDDEG0251,B.Sc Sericulture,Bachelor of Science (Sericulture),UG,Agriculture,All India,UGC/AISHE national higher-education framework; programme nomenclature varies by regulator/institution,https://www.ugc.gov.in/regulations/UGC_Regulations_university,Catalogue entry; availability and exact nomenclature must be verified against the relevant university/regulator.
INDDEG0252,B.Sc Aquaculture,Bachelor of Science (Aquaculture),UG,Agriculture,All India,UGC/AISHE national higher-education framework; programme nomenclature varies by regulator/institution,https://www.ugc.gov.in/regulations/UGC_Regulations_university,Catalogue entry; availability and exact nomenclature must be verified against the relevant university/regulator.
INDDEG0253,B.Sc Medical Imaging Technology,Bachelor of Science (Medical Imaging Technology),UG,Allied Health,All India,UGC/AISHE national higher-education framework; programme nomenclature varies by regulator/institution,https://www.ugc.gov.in/regulations/UGC_Regulations_university,Catalogue entry; availability and exact nomenclature must be verified against the relevant university/regulator.
INDDEG0254,B.Sc Radiotherapy Technology,Bachelor of Science (Radiotherapy Technology),UG,Allied Health,All India,UGC/AISHE national higher-education framework; programme nomenclature varies by regulator/institution,https://www.ugc.gov.in/regulations/UGC_Regulations_university,Catalogue entry; availability and exact nomenclature must be verified against the relevant university/regulator.
INDDEG0255,B.Sc Operation Theatre Technology,Bachelor of Science (Operation Theatre Technology),UG,Allied Health,All India,UGC/AISHE national higher-education framework; programme nomenclature varies by regulator/institution,https://www.ugc.gov.in/regulations/UGC_Regulations_university,Catalogue entry; availability and exact nomenclature must be verified against the relevant university/regulator.
INDDEG0256,B.Sc Optometry,Bachelor of Science (Optometry),UG,Allied Health,All India,UGC/AISHE national higher-education framework; programme nomenclature varies by regulator/institution,https://www.ugc.gov.in/regulations/UGC_Regulations_university,Catalogue entry; availability and exact nomenclature must be verified against the relevant university/regulator.
INDDEG0257,B.Sc Cardiac Care Technology,Bachelor of Science (Cardiac Care Technology),UG,Allied Health,All India,UGC/AISHE national higher-education framework; programme nomenclature varies by regulator/institution,https://www.ugc.gov.in/regulations/UGC_Regulations_university,Catalogue entry; availability and exact nomenclature must be verified against the relevant university/regulator.
INDDEG0258,B.Sc Respiratory Therapy,Bachelor of Science (Respiratory Therapy),UG,Allied Health,All India,UGC/AISHE national higher-education framework; programme nomenclature varies by regulator/institution,https://www.ugc.gov.in/regulations/UGC_Regulations_university,Catalogue entry; availability and exact nomenclature must be verified against the relevant university/regulator.
INDDEG0259,B.Sc Dialysis Technology,Bachelor of Science (Dialysis Technology),UG,Allied Health,All India,UGC/AISHE national higher-education framework; programme nomenclature varies by regulator/institution,https://www.ugc.gov.in/regulations/UGC_Regulations_university,Catalogue entry; availability and exact nomenclature must be verified against the relevant university/regulator.
INDDEG0260,B.Sc Anaesthesia Technology,Bachelor of Science (Anaesthesia Technology),UG,Allied Health,All India,UGC/AISHE national higher-education framework; programme nomenclature varies by regulator/institution,https://www.ugc.gov.in/regulations/UGC_Regulations_university,Catalogue entry; availability and exact nomenclature must be verified against the relevant university/regulator.
INDDEG0261,B.Sc Emergency Medical Technology,Bachelor of Science (Emergency Medical Technology),UG,Allied Health,All India,UGC/AISHE national higher-education framework; programme nomenclature varies by regulator/institution,https://www.ugc.gov.in/regulations/UGC_Regulations_university,Catalogue entry; availability and exact nomenclature must be verified against the relevant university/regulator.
INDDEG0262,B.Sc Audiology & Speech-Language Pathology,Bachelor of Audiology & Speech-Language Pathology,UG,Allied Health,All India,UGC/AISHE national higher-education framework; programme nomenclature varies by regulator/institution,https://www.ugc.gov.in/regulations/UGC_Regulations_university,Catalogue entry; availability and exact nomenclature must be verified against the relevant university/regulator.
INDDEG0263,B.Sc Medical Record Science,Bachelor of Science (Medical Record Science),UG,Allied Health,All India,UGC/AISHE national higher-education framework; programme nomenclature varies by regulator/institution,https://www.ugc.gov.in/regulations/UGC_Regulations_university,Catalogue entry; availability and exact nomenclature must be verified against the relevant university/regulator.
INDDEG0264,B.Pharm Pharmaceutical Chemistry,Bachelor of Pharmacy (Pharmaceutical Chemistry),UG,Pharmacy,All India,UGC/AISHE national higher-education framework; programme nomenclature varies by regulator/institution,https://www.ugc.gov.in/regulations/UGC_Regulations_university,Catalogue entry; availability and exact nomenclature must be verified against the relevant university/regulator.
INDDEG0265,B.Pharm Pharmacognosy,Bachelor of Pharmacy (Pharmacognosy),UG,Pharmacy,All India,UGC/AISHE national higher-education framework; programme nomenclature varies by regulator/institution,https://www.ugc.gov.in/regulations/UGC_Regulations_university,Catalogue entry; availability and exact nomenclature must be verified against the relevant university/regulator.
INDDEG0266,B.Tech Aerospace,Bachelor of Technology (Aerospace Engineering),UG,Engineering,All India,UGC/AISHE national higher-education framework; programme nomenclature varies by regulator/institution,https://www.ugc.gov.in/regulations/UGC_Regulations_university,Catalogue entry; availability and exact nomenclature must be verified against the relevant university/regulator.
INDDEG0267,B.Tech Aeronautical,Bachelor of Technology (Aeronautical Engineering),UG,Engineering,All India,UGC/AISHE national higher-education framework; programme nomenclature varies by regulator/institution,https://www.ugc.gov.in/regulations/UGC_Regulations_university,Catalogue entry; availability and exact nomenclature must be verified against the relevant university/regulator.
INDDEG0268,B.Tech Biomedical,Bachelor of Technology (Biomedical Engineering),UG,Engineering,All India,UGC/AISHE national higher-education framework; programme nomenclature varies by regulator/institution,https://www.ugc.gov.in/regulations/UGC_Regulations_university,Catalogue entry; availability and exact nomenclature must be verified against the relevant university/regulator.
INDDEG0269,B.Tech Mechatronics,Bachelor of Technology (Mechatronics),UG,Engineering,All India,UGC/AISHE national higher-education framework; programme nomenclature varies by regulator/institution,https://www.ugc.gov.in/regulations/UGC_Regulations_university,Catalogue entry; availability and exact nomenclature must be verified against the relevant university/regulator.
INDDEG0270,B.Tech Marine Engineering,Bachelor of Technology (Marine Engineering),UG,Engineering,All India,UGC/AISHE national higher-education framework; programme nomenclature varies by regulator/institution,https://www.ugc.gov.in/regulations/UGC_Regulations_university,Catalogue entry; availability and exact nomenclature must be verified against the relevant university/regulator.
INDDEG0271,B.Tech Petroleum,Bachelor of Technology (Petroleum Engineering),UG,Engineering,All India,UGC/AISHE national higher-education framework; programme nomenclature varies by regulator/institution,https://www.ugc.gov.in/regulations/UGC_Regulations_university,Catalogue entry; availability and exact nomenclature must be verified against the relevant university/regulator.
INDDEG0272,B.Tech Metallurgy,Bachelor of Technology (Metallurgical Engineering),UG,Engineering,All India,UGC/AISHE national higher-education framework; programme nomenclature varies by regulator/institution,https://www.ugc.gov.in/regulations/UGC_Regulations_university,Catalogue entry; availability and exact nomenclature must be verified against the relevant university/regulator.
INDDEG0273,B.Tech Industrial Engineering,Bachelor of Technology (Industrial Engineering),UG,Engineering,All India,UGC/AISHE national higher-education framework; programme nomenclature varies by regulator/institution,https://www.ugc.gov.in/regulations/UGC_Regulations_university,Catalogue entry; availability and exact nomenclature must be verified against the relevant university/regulator.
INDDEG0274,B.Tech Production Engineering,Bachelor of Technology (Production Engineering),UG,Engineering,All India,UGC/AISHE national higher-education framework; programme nomenclature varies by regulator/institution,https://www.ugc.gov.in/regulations/UGC_Regulations_university,Catalogue entry; availability and exact nomenclature must be verified against the relevant university/regulator.
INDDEG0275,B.Tech Instrumentation,Bachelor of Technology (Instrumentation Engineering),UG,Engineering,All India,UGC/AISHE national higher-education framework; programme nomenclature varies by regulator/institution,https://www.ugc.gov.in/regulations/UGC_Regulations_university,Catalogue entry; availability and exact nomenclature must be verified against the relevant university/regulator.
INDDEG0276,B.Tech Agricultural Biotechnology,Bachelor of Technology (Agricultural Biotechnology),UG,Engineering,All India,UGC/AISHE national higher-education framework; programme nomenclature varies by regulator/institution,https://www.ugc.gov.in/regulations/UGC_Regulations_university,Catalogue entry; availability and exact nomenclature must be verified against the relevant university/regulator.
INDDEG0277,B.Arch Landscape,Bachelor of Architecture (Landscape Architecture),UG,Architecture,All India,UGC/AISHE national higher-education framework; programme nomenclature varies by regulator/institution,https://www.ugc.gov.in/regulations/UGC_Regulations_university,Catalogue entry; availability and exact nomenclature must be verified against the relevant university/regulator.
INDDEG0278,B.Arch Interior,Bachelor of Architecture (Interior Architecture),UG,Architecture,All India,UGC/AISHE national higher-education framework; programme nomenclature varies by regulator/institution,https://www.ugc.gov.in/regulations/UGC_Regulations_university,Catalogue entry; availability and exact nomenclature must be verified against the relevant university/regulator.
INDDEG0279,B.Des Textile,Bachelor of Design (Textile Design),UG,Design,All India,UGC/AISHE national higher-education framework; programme nomenclature varies by regulator/institution,https://www.ugc.gov.in/regulations/UGC_Regulations_university,Catalogue entry; availability and exact nomenclature must be verified against the relevant university/regulator.
INDDEG0280,B.Des Fashion Communication,Bachelor of Design (Fashion Communication),UG,Design,All India,UGC/AISHE national higher-education framework; programme nomenclature varies by regulator/institution,https://www.ugc.gov.in/regulations/UGC_Regulations_university,Catalogue entry; availability and exact nomenclature must be verified against the relevant university/regulator.
INDDEG0281,B.Des Game Design,Bachelor of Design (Game Design),UG,Design,All India,UGC/AISHE national higher-education framework; programme nomenclature varies by regulator/institution,https://www.ugc.gov.in/regulations/UGC_Regulations_university,Catalogue entry; availability and exact nomenclature must be verified against the relevant university/regulator.
INDDEG0282,B.Des User Experience,Bachelor of Design (User Experience),UG,Design,All India,UGC/AISHE national higher-education framework; programme nomenclature varies by regulator/institution,https://www.ugc.gov.in/regulations/UGC_Regulations_university,Catalogue entry; availability and exact nomenclature must be verified against the relevant university/regulator.
INDDEG0283,BHM,Bachelor of Hotel Management,UG,Hospitality,All India,UGC/AISHE national higher-education framework; programme nomenclature varies by regulator/institution,https://www.ugc.gov.in/regulations/UGC_Regulations_university,Catalogue entry; availability and exact nomenclature must be verified against the relevant university/regulator.
INDDEG0284,B.Sc Hospitality & Hotel Administration,Bachelor of Science (Hospitality & Hotel Administration),UG,Hospitality,All India,UGC/AISHE national higher-education framework; programme nomenclature varies by regulator/institution,https://www.ugc.gov.in/regulations/UGC_Regulations_university,Catalogue entry; availability and exact nomenclature must be verified against the relevant university/regulator.
INDDEG0285,BTTM,Bachelor of Tourism & Travel Management,UG,Tourism,All India,UGC/AISHE national higher-education framework; programme nomenclature varies by regulator/institution,https://www.ugc.gov.in/regulations/UGC_Regulations_university,Catalogue entry; availability and exact nomenclature must be verified against the relevant university/regulator.
INDDEG0286,B.A. LL.B. (Hons.),Bachelor of Arts & Bachelor of Laws (Honours),UG/Professional,Law,All India,UGC/AISHE national higher-education framework; programme nomenclature varies by regulator/institution,https://www.ugc.gov.in/regulations/UGC_Regulations_university,Catalogue entry; availability and exact nomenclature must be verified against the relevant university/regulator.
INDDEG0287,B.B.A. LL.B. (Hons.),Bachelor of Business Administration & Bachelor of Laws (Honours),UG/Professional,Law,All India,UGC/AISHE national higher-education framework; programme nomenclature varies by regulator/institution,https://www.ugc.gov.in/regulations/UGC_Regulations_university,Catalogue entry; availability and exact nomenclature must be verified against the relevant university/regulator.
INDDEG0288,B.Com LL.B. (Hons.),Bachelor of Commerce & Bachelor of Laws (Honours),UG/Professional,Law,All India,UGC/AISHE national higher-education framework; programme nomenclature varies by regulator/institution,https://www.ugc.gov.in/regulations/UGC_Regulations_university,Catalogue entry; availability and exact nomenclature must be verified against the relevant university/regulator.
INDDEG0289,B.Sc LL.B.,Bachelor of Science & Bachelor of Laws,UG/Professional,Law,All India,UGC/AISHE national higher-education framework; programme nomenclature varies by regulator/institution,https://www.ugc.gov.in/regulations/UGC_Regulations_university,Catalogue entry; availability and exact nomenclature must be verified against the relevant university/regulator.
INDDEG0290,B.A. Journalism & Mass Communication,Bachelor of Arts (Journalism & Mass Communication),UG,Media,All India,UGC/AISHE national higher-education framework; programme nomenclature varies by regulator/institution,https://www.ugc.gov.in/regulations/UGC_Regulations_university,Catalogue entry; availability and exact nomenclature must be verified against the relevant university/regulator.
INDDEG0291,B.M.M.,Bachelor of Mass Media,UG,Media,All India,UGC/AISHE national higher-education framework; programme nomenclature varies by regulator/institution,https://www.ugc.gov.in/regulations/UGC_Regulations_university,Catalogue entry; availability and exact nomenclature must be verified against the relevant university/regulator.
INDDEG0292,B.J.M.C.,Bachelor of Journalism & Mass Communication,UG,Media,All India,UGC/AISHE national higher-education framework; programme nomenclature varies by regulator/institution,https://www.ugc.gov.in/regulations/UGC_Regulations_university,Catalogue entry; availability and exact nomenclature must be verified against the relevant university/regulator.
INDDEG0293,B.Lib.,Bachelor of Library Science,UG,Library Science,All India,UGC/AISHE national higher-education framework; programme nomenclature varies by regulator/institution,https://www.ugc.gov.in/regulations/UGC_Regulations_university,Catalogue entry; availability and exact nomenclature must be verified against the relevant university/regulator.
INDDEG0294,M.A. Linguistics,Master of Arts (Linguistics),PG,Languages,All India,UGC/AISHE national higher-education framework; programme nomenclature varies by regulator/institution,https://www.ugc.gov.in/regulations/UGC_Regulations_university,Catalogue entry; availability and exact nomenclature must be verified against the relevant university/regulator.
INDDEG0295,M.A. Archaeology,Master of Arts (Archaeology),PG,Humanities,All India,UGC/AISHE national higher-education framework; programme nomenclature varies by regulator/institution,https://www.ugc.gov.in/regulations/UGC_Regulations_university,Catalogue entry; availability and exact nomenclature must be verified against the relevant university/regulator.
INDDEG0296,M.A. Anthropology,Master of Arts (Anthropology),PG,Social Sciences,All India,UGC/AISHE national higher-education framework; programme nomenclature varies by regulator/institution,https://www.ugc.gov.in/regulations/UGC_Regulations_university,Catalogue entry; availability and exact nomenclature must be verified against the relevant university/regulator.
INDDEG0297,M.A. International Relations,Master of Arts (International Relations),PG,Social Sciences,All India,UGC/AISHE national higher-education framework; programme nomenclature varies by regulator/institution,https://www.ugc.gov.in/regulations/UGC_Regulations_university,Catalogue entry; availability and exact nomenclature must be verified against the relevant university/regulator.
INDDEG0298,M.A. Development Studies,Master of Arts (Development Studies),PG,Social Sciences,All India,UGC/AISHE national higher-education framework; programme nomenclature varies by regulator/institution,https://www.ugc.gov.in/regulations/UGC_Regulations_university,Catalogue entry; availability and exact nomenclature must be verified against the relevant university/regulator.
INDDEG0299,M.A. Film Studies,Master of Arts (Film Studies),PG,Media,All India,UGC/AISHE national higher-education framework; programme nomenclature varies by regulator/institution,https://www.ugc.gov.in/regulations/UGC_Regulations_university,Catalogue entry; availability and exact nomenclature must be verified against the relevant university/regulator.
INDDEG0300,M.A. Visual Communication,Master of Arts (Visual Communication),PG,Media,All India,UGC/AISHE national higher-education framework; programme nomenclature varies by regulator/institution,https://www.ugc.gov.in/regulations/UGC_Regulations_university,Catalogue entry; availability and exact nomenclature must be verified against the relevant university/regulator.
INDDEG0301,M.Com E-Commerce,Master of Commerce (E-Commerce),PG,Commerce,All India,UGC/AISHE national higher-education framework; programme nomenclature varies by regulator/institution,https://www.ugc.gov.in/regulations/UGC_Regulations_university,Catalogue entry; availability and exact nomenclature must be verified against the relevant university/regulator.
INDDEG0302,MBA Business Analytics,Master of Business Administration (Business Analytics),PG,Management,All India,UGC/AISHE national higher-education framework; programme nomenclature varies by regulator/institution,https://www.ugc.gov.in/regulations/UGC_Regulations_university,Catalogue entry; availability and exact nomenclature must be verified against the relevant university/regulator.
INDDEG0303,MBA Supply Chain,Master of Business Administration (Supply Chain Management),PG,Management,All India,UGC/AISHE national higher-education framework; programme nomenclature varies by regulator/institution,https://www.ugc.gov.in/regulations/UGC_Regulations_university,Catalogue entry; availability and exact nomenclature must be verified against the relevant university/regulator.
INDDEG0304,MBA Tourism,Master of Business Administration (Tourism),PG,Management,All India,UGC/AISHE national higher-education framework; programme nomenclature varies by regulator/institution,https://www.ugc.gov.in/regulations/UGC_Regulations_university,Catalogue entry; availability and exact nomenclature must be verified against the relevant university/regulator.
INDDEG0305,MBA Aviation,Master of Business Administration (Aviation),PG,Management,All India,UGC/AISHE national higher-education framework; programme nomenclature varies by regulator/institution,https://www.ugc.gov.in/regulations/UGC_Regulations_university,Catalogue entry; availability and exact nomenclature must be verified against the relevant university/regulator.
INDDEG0306,MCA Cloud Computing,Master of Computer Applications (Cloud Computing),PG,Computer Applications,All India,UGC/AISHE national higher-education framework; programme nomenclature varies by regulator/institution,https://www.ugc.gov.in/regulations/UGC_Regulations_university,Catalogue entry; availability and exact nomenclature must be verified against the relevant university/regulator.
INDDEG0307,MCA Blockchain,Master of Computer Applications (Blockchain),PG,Computer Applications,All India,UGC/AISHE national higher-education framework; programme nomenclature varies by regulator/institution,https://www.ugc.gov.in/regulations/UGC_Regulations_university,Catalogue entry; availability and exact nomenclature must be verified against the relevant university/regulator.
INDDEG0308,M.Sc Artificial Intelligence,Master of Science (Artificial Intelligence),PG,Computer Science,All India,UGC/AISHE national higher-education framework; programme nomenclature varies by regulator/institution,https://www.ugc.gov.in/regulations/UGC_Regulations_university,Catalogue entry; availability and exact nomenclature must be verified against the relevant university/regulator.
INDDEG0309,M.Sc Cyber Security,Master of Science (Cyber Security),PG,Computer Science,All India,UGC/AISHE national higher-education framework; programme nomenclature varies by regulator/institution,https://www.ugc.gov.in/regulations/UGC_Regulations_university,Catalogue entry; availability and exact nomenclature must be verified against the relevant university/regulator.
INDDEG0310,M.Sc Cloud Computing,Master of Science (Cloud Computing),PG,Computer Science,All India,UGC/AISHE national higher-education framework; programme nomenclature varies by regulator/institution,https://www.ugc.gov.in/regulations/UGC_Regulations_university,Catalogue entry; availability and exact nomenclature must be verified against the relevant university/regulator.
INDDEG0311,M.Sc Food Technology,Master of Science (Food Technology),PG,Food Technology,All India,UGC/AISHE national higher-education framework; programme nomenclature varies by regulator/institution,https://www.ugc.gov.in/regulations/UGC_Regulations_university,Catalogue entry; availability and exact nomenclature must be verified against the relevant university/regulator.
INDDEG0312,M.Sc Fisheries,Master of Science (Fisheries),PG,Agriculture,All India,UGC/AISHE national higher-education framework; programme nomenclature varies by regulator/institution,https://www.ugc.gov.in/regulations/UGC_Regulations_university,Catalogue entry; availability and exact nomenclature must be verified against the relevant university/regulator.
INDDEG0313,M.Sc Animal Science,Master of Science (Animal Science),PG,Agriculture,All India,UGC/AISHE national higher-education framework; programme nomenclature varies by regulator/institution,https://www.ugc.gov.in/regulations/UGC_Regulations_university,Catalogue entry; availability and exact nomenclature must be verified against the relevant university/regulator.
INDDEG0314,M.Sc Medical Imaging,Master of Science (Medical Imaging),PG,Allied Health,All India,UGC/AISHE national higher-education framework; programme nomenclature varies by regulator/institution,https://www.ugc.gov.in/regulations/UGC_Regulations_university,Catalogue entry; availability and exact nomenclature must be verified against the relevant university/regulator.
INDDEG0315,M.Sc Clinical Psychology,Master of Science (Clinical Psychology),PG,Allied Health,All India,UGC/AISHE national higher-education framework; programme nomenclature varies by regulator/institution,https://www.ugc.gov.in/regulations/UGC_Regulations_university,Catalogue entry; availability and exact nomenclature must be verified against the relevant university/regulator.
INDDEG0316,M.Sc Medical Laboratory Technology,Master of Science (Medical Laboratory Technology),PG,Allied Health,All India,UGC/AISHE national higher-education framework; programme nomenclature varies by regulator/institution,https://www.ugc.gov.in/regulations/UGC_Regulations_university,Catalogue entry; availability and exact nomenclature must be verified against the relevant university/regulator.
INDDEG0317,M.Tech Aerospace,Master of Technology (Aerospace Engineering),PG,Engineering,All India,UGC/AISHE national higher-education framework; programme nomenclature varies by regulator/institution,https://www.ugc.gov.in/regulations/UGC_Regulations_university,Catalogue entry; availability and exact nomenclature must be verified against the relevant university/regulator.
INDDEG0318,M.Tech Mechatronics,Master of Technology (Mechatronics),PG,Engineering,All India,UGC/AISHE national higher-education framework; programme nomenclature varies by regulator/institution,https://www.ugc.gov.in/regulations/UGC_Regulations_university,Catalogue entry; availability and exact nomenclature must be verified against the relevant university/regulator.
INDDEG0319,M.Tech Petroleum,Master of Technology (Petroleum Engineering),PG,Engineering,All India,UGC/AISHE national higher-education framework; programme nomenclature varies by regulator/institution,https://www.ugc.gov.in/regulations/UGC_Regulations_university,Catalogue entry; availability and exact nomenclature must be verified against the relevant university/regulator.
INDDEG0320,M.Tech Metallurgy,Master of Technology (Metallurgical Engineering),PG,Engineering,All India,UGC/AISHE national higher-education framework; programme nomenclature varies by regulator/institution,https://www.ugc.gov.in/regulations/UGC_Regulations_university,Catalogue entry; availability and exact nomenclature must be verified against the relevant university/regulator.
INDDEG0321,M.Tech Industrial Engineering,Master of Technology (Industrial Engineering),PG,Engineering,All India,UGC/AISHE national higher-education framework; programme nomenclature varies by regulator/institution,https://www.ugc.gov.in/regulations/UGC_Regulations_university,Catalogue entry; availability and exact nomenclature must be verified against the relevant university/regulator.
INDDEG0322,M.Tech Production Engineering,Master of Technology (Production Engineering),PG,Engineering,All India,UGC/AISHE national higher-education framework; programme nomenclature varies by regulator/institution,https://www.ugc.gov.in/regulations/UGC_Regulations_university,Catalogue entry; availability and exact nomenclature must be verified against the relevant university/regulator.
INDDEG0323,M.Tech Instrumentation,Master of Technology (Instrumentation Engineering),PG,Engineering,All India,UGC/AISHE national higher-education framework; programme nomenclature varies by regulator/institution,https://www.ugc.gov.in/regulations/UGC_Regulations_university,Catalogue entry; availability and exact nomenclature must be verified against the relevant university/regulator.
INDDEG0324,M.Arch Landscape,Master of Architecture (Landscape Architecture),PG,Architecture,All India,UGC/AISHE national higher-education framework; programme nomenclature varies by regulator/institution,https://www.ugc.gov.in/regulations/UGC_Regulations_university,Catalogue entry; availability and exact nomenclature must be verified against the relevant university/regulator.
INDDEG0325,M.Des Textile,Master of Design (Textile Design),PG,Design,All India,UGC/AISHE national higher-education framework; programme nomenclature varies by regulator/institution,https://www.ugc.gov.in/regulations/UGC_Regulations_university,Catalogue entry; availability and exact nomenclature must be verified against the relevant university/regulator.
INDDEG0326,M.Des User Experience,Master of Design (User Experience),PG,Design,All India,UGC/AISHE national higher-education framework; programme nomenclature varies by regulator/institution,https://www.ugc.gov.in/regulations/UGC_Regulations_university,Catalogue entry; availability and exact nomenclature must be verified against the relevant university/regulator.
INDDEG0327,MHM,Master of Hotel Management,PG,Hospitality,All India,UGC/AISHE national higher-education framework; programme nomenclature varies by regulator/institution,https://www.ugc.gov.in/regulations/UGC_Regulations_university,Catalogue entry; availability and exact nomenclature must be verified against the relevant university/regulator.
INDDEG0328,MTTM,Master of Tourism & Travel Management,PG,Tourism,All India,UGC/AISHE national higher-education framework; programme nomenclature varies by regulator/institution,https://www.ugc.gov.in/regulations/UGC_Regulations_university,Catalogue entry; availability and exact nomenclature must be verified against the relevant university/regulator.
INDDEG0329,M.Lib.,Master of Library Science,PG,Library Science,All India,UGC/AISHE national higher-education framework; programme nomenclature varies by regulator/institution,https://www.ugc.gov.in/regulations/UGC_Regulations_university,Catalogue entry; availability and exact nomenclature must be verified against the relevant university/regulator.
INDDEG0330,MPH,Master of Public Health,PG/Professional,Public Health,All India,UGC/AISHE national higher-education framework; programme nomenclature varies by regulator/institution,https://www.ugc.gov.in/regulations/UGC_Regulations_university,Catalogue entry; availability and exact nomenclature must be verified against the relevant university/regulator.
INDDEG0331,MHA,Master of Hospital Administration,PG/Professional,Healthcare Management,All India,UGC/AISHE national higher-education framework; programme nomenclature varies by regulator/institution,https://www.ugc.gov.in/regulations/UGC_Regulations_university,Catalogue entry; availability and exact nomenclature must be verified against the relevant university/regulator.
INDDEG0332,MPT Orthopaedics,Master of Physiotherapy (Orthopaedics),PG,Allied Health,All India,UGC/AISHE national higher-education framework; programme nomenclature varies by regulator/institution,https://www.ugc.gov.in/regulations/UGC_Regulations_university,Catalogue entry; availability and exact nomenclature must be verified against the relevant university/regulator.
INDDEG0333,MPT Neurology,Master of Physiotherapy (Neurology),PG,Allied Health,All India,UGC/AISHE national higher-education framework; programme nomenclature varies by regulator/institution,https://www.ugc.gov.in/regulations/UGC_Regulations_university,Catalogue entry; availability and exact nomenclature must be verified against the relevant university/regulator.
INDDEG0334,MPT Sports,Master of Physiotherapy (Sports),PG,Allied Health,All India,UGC/AISHE national higher-education framework; programme nomenclature varies by regulator/institution,https://www.ugc.gov.in/regulations/UGC_Regulations_university,Catalogue entry; availability and exact nomenclature must be verified against the relevant university/regulator.
INDDEG0335,MDS Oral Surgery,Master of Dental Surgery (Oral & Maxillofacial Surgery),PG/Medical,Dental,All India,UGC/AISHE national higher-education framework; programme nomenclature varies by regulator/institution,https://www.ugc.gov.in/regulations/UGC_Regulations_university,Catalogue entry; availability and exact nomenclature must be verified against the relevant university/regulator.
INDDEG0336,MDS Periodontology,Master of Dental Surgery (Periodontology),PG/Medical,Dental,All India,UGC/AISHE national higher-education framework; programme nomenclature varies by regulator/institution,https://www.ugc.gov.in/regulations/UGC_Regulations_university,Catalogue entry; availability and exact nomenclature must be verified against the relevant university/regulator.
INDDEG0337,MDS Conservative Dentistry,Master of Dental Surgery (Conservative Dentistry & Endodontics),PG/Medical,Dental,All India,UGC/AISHE national higher-education framework; programme nomenclature varies by regulator/institution,https://www.ugc.gov.in/regulations/UGC_Regulations_university,Catalogue entry; availability and exact nomenclature must be verified against the relevant university/regulator.
INDDEG0338,MD Anaesthesiology,Doctor of Medicine (Anaesthesiology),PG/Medical,Medicine,All India,UGC/AISHE national higher-education framework; programme nomenclature varies by regulator/institution,https://www.ugc.gov.in/regulations/UGC_Regulations_university,Catalogue entry; availability and exact nomenclature must be verified against the relevant university/regulator.
INDDEG0339,MD Radiodiagnosis,Doctor of Medicine (Radiodiagnosis),PG/Medical,Medicine,All India,UGC/AISHE national higher-education framework; programme nomenclature varies by regulator/institution,https://www.ugc.gov.in/regulations/UGC_Regulations_university,Catalogue entry; availability and exact nomenclature must be verified against the relevant university/regulator.
INDDEG0340,MD Pathology,Doctor of Medicine (Pathology),PG/Medical,Medicine,All India,UGC/AISHE national higher-education framework; programme nomenclature varies by regulator/institution,https://www.ugc.gov.in/regulations/UGC_Regulations_university,Catalogue entry; availability and exact nomenclature must be verified against the relevant university/regulator.
INDDEG0341,MD Pharmacology,Doctor of Medicine (Pharmacology),PG/Medical,Medicine,All India,UGC/AISHE national higher-education framework; programme nomenclature varies by regulator/institution,https://www.ugc.gov.in/regulations/UGC_Regulations_university,Catalogue entry; availability and exact nomenclature must be verified against the relevant university/regulator.
INDDEG0342,MD Anatomy,Doctor of Medicine (Anatomy),PG/Medical,Medicine,All India,UGC/AISHE national higher-education framework; programme nomenclature varies by regulator/institution,https://www.ugc.gov.in/regulations/UGC_Regulations_university,Catalogue entry; availability and exact nomenclature must be verified against the relevant university/regulator.
INDDEG0343,MD Physiology,Doctor of Medicine (Physiology),PG/Medical,Medicine,All India,UGC/AISHE national higher-education framework; programme nomenclature varies by regulator/institution,https://www.ugc.gov.in/regulations/UGC_Regulations_university,Catalogue entry; availability and exact nomenclature must be verified against the relevant university/regulator.
INDDEG0344,MS Obstetrics & Gynaecology,Master of Surgery (Obstetrics & Gynaecology),PG/Medical,Medicine,All India,UGC/AISHE national higher-education framework; programme nomenclature varies by regulator/institution,https://www.ugc.gov.in/regulations/UGC_Regulations_university,Catalogue entry; availability and exact nomenclature must be verified against the relevant university/regulator.
INDDEG0345,MS Paediatric Surgery,Master of Surgery (Paediatric Surgery),PG/Medical,Medicine,All India,UGC/AISHE national higher-education framework; programme nomenclature varies by regulator/institution,https://www.ugc.gov.in/regulations/UGC_Regulations_university,Catalogue entry; availability and exact nomenclature must be verified against the relevant university/regulator.
INDDEG0346,M.Ch Neurosurgery,Master of Chirurgiae (Neurosurgery),Super-speciality,Medicine,All India,UGC/AISHE national higher-education framework; programme nomenclature varies by regulator/institution,https://www.ugc.gov.in/regulations/UGC_Regulations_university,Catalogue entry; availability and exact nomenclature must be verified against the relevant university/regulator.
INDDEG0347,M.Ch Urology,Master of Chirurgiae (Urology),Super-speciality,Medicine,All India,UGC/AISHE national higher-education framework; programme nomenclature varies by regulator/institution,https://www.ugc.gov.in/regulations/UGC_Regulations_university,Catalogue entry; availability and exact nomenclature must be verified against the relevant university/regulator.
INDDEG0348,DM Cardiology,Doctorate of Medicine (Cardiology),Super-speciality,Medicine,All India,UGC/AISHE national higher-education framework; programme nomenclature varies by regulator/institution,https://www.ugc.gov.in/regulations/UGC_Regulations_university,Catalogue entry; availability and exact nomenclature must be verified against the relevant university/regulator.
INDDEG0349,DM Neurology,Doctorate of Medicine (Neurology),Super-speciality,Medicine,All India,UGC/AISHE national higher-education framework; programme nomenclature varies by regulator/institution,https://www.ugc.gov.in/regulations/UGC_Regulations_university,Catalogue entry; availability and exact nomenclature must be verified against the relevant university/regulator.
INDDEG0350,DM Gastroenterology,Doctorate of Medicine (Gastroenterology),Super-speciality,Medicine,All India,UGC/AISHE national higher-education framework; programme nomenclature varies by regulator/institution,https://www.ugc.gov.in/regulations/UGC_Regulations_university,Catalogue entry; availability and exact nomenclature must be verified against the relevant university/regulator.
INDDEG0351,Ph.D. Psychology,Doctor of Philosophy (Psychology),Doctoral,Research,All India,UGC/AISHE national higher-education framework; programme nomenclature varies by regulator/institution,https://www.ugc.gov.in/regulations/UGC_Regulations_university,Catalogue entry; availability and exact nomenclature must be verified against the relevant university/regulator.
INDDEG0352,Ph.D. Economics,Doctor of Philosophy (Economics),Doctoral,Research,All India,UGC/AISHE national higher-education framework; programme nomenclature varies by regulator/institution,https://www.ugc.gov.in/regulations/UGC_Regulations_university,Catalogue entry; availability and exact nomenclature must be verified against the relevant university/regulator.
INDDEG0353,Ph.D. Physics,Doctor of Philosophy (Physics),Doctoral,Research,All India,UGC/AISHE national higher-education framework; programme nomenclature varies by regulator/institution,https://www.ugc.gov.in/regulations/UGC_Regulations_university,Catalogue entry; availability and exact nomenclature must be verified against the relevant university/regulator.
INDDEG0354,Ph.D. Chemistry,Doctor of Philosophy (Chemistry),Doctoral,Research,All India,UGC/AISHE national higher-education framework; programme nomenclature varies by regulator/institution,https://www.ugc.gov.in/regulations/UGC_Regulations_university,Catalogue entry; availability and exact nomenclature must be verified against the relevant university/regulator.
INDDEG0355,Ph.D. Mathematics,Doctor of Philosophy (Mathematics),Doctoral,Research,All India,UGC/AISHE national higher-education framework; programme nomenclature varies by regulator/institution,https://www.ugc.gov.in/regulations/UGC_Regulations_university,Catalogue entry; availability and exact nomenclature must be verified against the relevant university/regulator.
INDDEG0356,Ph.D. Biotechnology,Doctor of Philosophy (Biotechnology),Doctoral,Research,All India,UGC/AISHE national higher-education framework; programme nomenclature varies by regulator/institution,https://www.ugc.gov.in/regulations/UGC_Regulations_university,Catalogue entry; availability and exact nomenclature must be verified against the relevant university/regulator.
INDDEG0357,Ph.D. Computer Applications,Doctor of Philosophy (Computer Applications),Doctoral,Research,All India,UGC/AISHE national higher-education framework; programme nomenclature varies by regulator/institution,https://www.ugc.gov.in/regulations/UGC_Regulations_university,Catalogue entry; availability and exact nomenclature must be verified against the relevant university/regulator.
INDDEG0358,Ph.D. Media Studies,Doctor of Philosophy (Media Studies),Doctoral,Research,All India,UGC/AISHE national higher-education framework; programme nomenclature varies by regulator/institution,https://www.ugc.gov.in/regulations/UGC_Regulations_university,Catalogue entry; availability and exact nomenclature must be verified against the relevant university/regulator.
INDDEG0359,Ph.D. Social Work,Doctor of Philosophy (Social Work),Doctoral,Research,All India,UGC/AISHE national higher-education framework; programme nomenclature varies by regulator/institution,https://www.ugc.gov.in/regulations/UGC_Regulations_university,Catalogue entry; availability and exact nomenclature must be verified against the relevant university/regulator.
INDDEG0360,Ph.D. Architecture,Doctor of Philosophy (Architecture),Doctoral,Research,All India,UGC/AISHE national higher-education framework; programme nomenclature varies by regulator/institution,https://www.ugc.gov.in/regulations/UGC_Regulations_university,Catalogue entry; availability and exact nomenclature must be verified against the relevant university/regulator.
INDDEG0361,Ph.D. Pharmacy,Doctor of Philosophy (Pharmacy),Doctoral,Research,All India,UGC/AISHE national higher-education framework; programme nomenclature varies by regulator/institution,https://www.ugc.gov.in/regulations/UGC_Regulations_university,Catalogue entry; availability and exact nomenclature must be verified against the relevant university/regulator.
INDDEG0362,Ph.D. Nursing,Doctor of Philosophy (Nursing),Doctoral,Research,All India,UGC/AISHE national higher-education framework; programme nomenclature varies by regulator/institution,https://www.ugc.gov.in/regulations/UGC_Regulations_university,Catalogue entry; availability and exact nomenclature must be verified against the relevant university/regulator.
